indicator,country,occupation,year,value
total employment,EU,3,2022,"32,119,700"
percent women,EU,3,2022,49.7%
percent unemployed,EU,3,2022,1.9%
relative income,EU,3,2020,100%
total employment,AT,3,2022,"803,200"
percent women,AT,3,2022,45.6%
total employment,BE,3,2022,"726,400"
percent women,BE,3,2022,47.7%
total employment,BG,3,2022,"283,100"
percent women,BG,3,2022,46.1%
total employment,CY,3,2022,"60,700"
percent women,CY,3,2022,43.1%
total employment,CZ,3,2022,"827,600"
percent women,CZ,3,2022,43.7%
total employment,DE,3,2022,"8,410,300"
percent women,DE,3,2022,53.3%
total employment,DK,3,2022,"546,600"
percent women,DK,3,2022,43.2%
total employment,EE,3,2022,"100,200"
percent women,EE,3,2022,50.9%
total employment,EL,3,2022,"278,700"
percent women,EL,3,2022,42.1%
total employment,ES,3,2022,"2,450,900"
percent women,ES,3,2022,39.5%
total employment,FI,3,2022,"486,200"
percent women,FI,3,2022,56.2%
total employment,FR,3,2022,"5,097,500"
percent women,FR,3,2022,57.5%
total employment,HR,3,2022,"228,000"
percent women,HR,3,2022,49.6%
total employment,HU,3,2022,"730,600"
percent women,HU,3,2022,62.8%
total employment,IE,3,2022,"313,800"
percent women,IE,3,2022,50%
total employment,IT,3,2022,"3,898,800"
percent women,IT,3,2022,39.2%
total employment,LT,3,2022,"139,300"
percent women,LT,3,2022,55.5%
total employment,LU,3,2022,"48,500"
percent women,LU,3,2022,51.8%
total employment,LV,3,2022,"121,200"
percent women,LV,3,2022,58.1%
total employment,MT,3,2022,"36,300"
percent women,MT,3,2022,36.3%
total employment,NL,3,2022,"1,592,600"
percent women,NL,3,2022,51.8%
total employment,PL,3,2022,"2,312,100"
percent women,PL,3,2022,50.7%
total employment,PT,3,2022,"550,700"
percent women,PT,3,2022,44%
total employment,RO,3,2022,"546,700"
percent women,RO,3,2022,53.1%
total employment,SE,3,2022,"938,500"
percent women,SE,3,2022,44.4%
total employment,SI,3,2022,"153,000"
percent women,SI,3,2022,47.6%
total employment,SK,3,2022,"438,100"
percent women,SK,3,2022,49%
total employment,EU,3.32,2022,"6,211,000"
percent women,EU,3.32,2022,77.9%
percent unemployed,EU,3.32,2022,1.2%
relative income,EU,3.32,2020,89.1%
total employment,AT,3.32,2022,"78,400"
percent women,AT,3.32,2022,65.4%
total employment,BE,3.32,2022,"113,000"
percent women,BE,3.32,2022,80.1%
total employment,BG,3.32,2022,"16,100"
percent women,BG,3.32,2022,72.7%
total employment,CY,3.32,2022,"3,200"
percent women,CY,3.32,2022,65.3%
total employment,CZ,3.32,2022,"92,100"
percent women,CZ,3.32,2022,88.4%
total employment,DE,3.32,2022,"2,615,600"
percent women,DE,3.32,2022,81.8%
total employment,DK,3.32,2022,"43,400"
percent women,DK,3.32,2022,72.5%
total employment,EE,3.32,2022,"7,900"
percent women,EE,3.32,2022,87.3%
total employment,EL,3.32,2022,"30,800"
percent women,EL,3.32,2022,73.7%
total employment,ES,3.32,2022,"230,500"
percent women,ES,3.32,2022,69.1%
total employment,FI,3.32,2022,"104,200"
percent women,FI,3.32,2022,83%
total employment,FR,3.32,2022,"1,006,300"
percent women,FR,3.32,2022,75.9%
total employment,HR,3.32,2022,"46,400"
percent women,HR,3.32,2022,88.8%
total employment,HU,3.32,2022,"125,500"
percent women,HU,3.32,2022,87.5%
total employment,IE,3.32,2022,"30,700"
percent women,IE,3.32,2022,68.3%
total employment,IT,3.32,2022,"785,000"
percent women,IT,3.32,2022,66.3%
total employment,LT,3.32,2022,"19,000"
percent women,LT,3.32,2022,88.9%
total employment,LU,3.32,2022,"5,200"
percent women,LU,3.32,2022,76.2%
total employment,LV,3.32,2022,"11,400"
percent women,LV,3.32,2022,91%
total employment,NL,3.32,2022,"280,700"
percent women,NL,3.32,2022,80%
total employment,PL,3.32,2022,"219,900"
percent women,PL,3.32,2022,72.1%
total employment,PT,3.32,2022,"63,400"
percent women,PT,3.32,2022,78.9%
total employment,RO,3.32,2022,"117,800"
percent women,RO,3.32,2022,83.5%
total employment,SE,3.32,2022,"63,000"
percent women,SE,3.32,2022,77.9%
total employment,SI,3.32,2022,"18,500"
percent women,SI,3.32,2022,75.4%
total employment,SK,3.32,2022,"83,200"
percent women,SK,3.32,2022,89.2%
total employment,EU,3.35,2022,"2,032,100"
percent women,EU,3.35,2022,16.5%
percent unemployed,EU,3.35,2022,2.3%
relative income,EU,3.35,2020,104.7%
total employment,AT,3.35,2022,"33,300"
percent women,AT,3.35,2022,17.5%
total employment,BE,3.35,2022,"25,500"
percent women,BE,3.35,2022,23.6%
total employment,BG,3.35,2022,"23,900"
percent women,BG,3.35,2022,23.2%
total employment,CY,3.35,2022,"3,500"
total employment,CZ,3.35,2022,"79,000"
percent women,CZ,3.35,2022,9.5%
total employment,DE,3.35,2022,"360,500"
percent women,DE,3.35,2022,15%
total employment,DK,3.35,2022,"51,100"
percent women,DK,3.35,2022,22.2%
total employment,EE,3.35,2022,"5,600"
percent women,EE,3.35,2022,17.9%
total employment,EL,3.35,2022,"12,300"
total employment,ES,3.35,2022,"354,400"
percent women,ES,3.35,2022,15.5%
total employment,FI,3.35,2022,"27,000"
percent women,FI,3.35,2022,22.2%
total employment,FR,3.35,2022,"237,000"
percent women,FR,3.35,2022,17.6%
total employment,HR,3.35,2022,"14,000"
percent women,HR,3.35,2022,17.2%
total employment,HU,3.35,2022,"25,200"
percent women,HU,3.35,2022,16.6%
total employment,IE,3.35,2022,"25,300"
percent women,IE,3.35,2022,27.4%
total employment,IT,3.35,2022,"369,400"
percent women,IT,3.35,2022,15.1%
total employment,LT,3.35,2022,"7,700"
total employment,LU,3.35,2022,"3,000"
total employment,NL,3.35,2022,"80,300"
percent women,NL,3.35,2022,20.2%
total employment,PL,3.35,2022,"99,100"
percent women,PL,3.35,2022,12.1%
total employment,PT,3.35,2022,"40,300"
percent women,PT,3.35,2022,12.6%
total employment,RO,3.35,2022,"48,500"
percent women,RO,3.35,2022,30.4%
total employment,SE,3.35,2022,"60,900"
percent women,SE,3.35,2022,22.1%
total employment,SI,3.35,2022,"7,000"
total employment,SK,3.35,2022,"33,000"
total employment,EU,3.34,2022,"3,616,700"
percent women,EU,3.34,2022,60.2%
percent unemployed,EU,3.34,2022,3.4%
relative income,EU,3.34,2020,83.6%
total employment,AT,3.34,2022,"97,100"
percent women,AT,3.34,2022,61.9%
total employment,BE,3.34,2022,"78,400"
percent women,BE,3.34,2022,56.8%
total employment,BG,3.34,2022,"15,200"
percent women,BG,3.34,2022,48.5%
total employment,CY,3.34,2022,"5,400"
percent women,CY,3.34,2022,34.3%
total employment,CZ,3.34,2022,"65,900"
percent women,CZ,3.34,2022,50.3%
total employment,DE,3.34,2022,"595,800"
percent women,DE,3.34,2022,58%
total employment,DK,3.34,2022,"47,400"
percent women,DK,3.34,2022,56.1%
total employment,EE,3.34,2022,"12,700"
percent women,EE,3.34,2022,54.8%
total employment,EL,3.34,2022,"41,900"
percent women,EL,3.34,2022,39.3%
total employment,ES,3.34,2022,"322,000"
percent women,ES,3.34,2022,48.1%
total employment,FI,3.34,2022,"90,000"
percent women,FI,3.34,2022,67.4%
total employment,FR,3.34,2022,"1,027,800"
percent women,FR,3.34,2022,64.5%
total employment,HR,3.34,2022,"13,000"
percent women,HR,3.34,2022,38.6%
total employment,HU,3.34,2022,"71,900"
percent women,HU,3.34,2022,70.5%
total employment,IE,3.34,2022,"60,700"
percent women,IE,3.34,2022,41.2%
total employment,IT,3.34,2022,"218,100"
percent women,IT,3.34,2022,53.2%
total employment,LT,3.34,2022,"18,200"
percent women,LT,3.34,2022,66.4%
total employment,LU,3.34,2022,"8,700"
percent women,LU,3.34,2022,66.8%
total employment,LV,3.34,2022,"10,400"
percent women,LV,3.34,2022,66.7%
total employment,NL,3.34,2022,"343,300"
percent women,NL,3.34,2022,66.8%
total employment,PL,3.34,2022,"245,100"
percent women,PL,3.34,2022,76.4%
total employment,PT,3.34,2022,"56,400"
percent women,PT,3.34,2022,48.6%
total employment,RO,3.34,2022,"34,600"
percent women,RO,3.34,2022,46.2%
total employment,SE,3.34,2022,"105,300"
percent women,SE,3.34,2022,57.8%
total employment,SI,3.34,2022,"11,900"
percent women,SI,3.34,2022,47.1%
total employment,SK,3.34,2022,"19,500"
percent women,SK,3.34,2022,40.2%
total employment,EU,3.33,2022,"13,237,800"
percent women,EU,3.33,2022,54.7%
percent unemployed,EU,3.33,2022,1.9%
relative income,EU,3.33,2020,103.9%
total employment,AT,3.33,2022,"377,100"
percent women,AT,3.33,2022,61.1%
total employment,BE,3.33,2022,"367,600"
percent women,BE,3.33,2022,48.6%
total employment,BG,3.33,2022,"156,500"
percent women,BG,3.33,2022,60.4%
total employment,CY,3.33,2022,"39,700"
percent women,CY,3.33,2022,51.6%
total employment,CZ,3.33,2022,"346,500"
percent women,CZ,3.33,2022,57.6%
total employment,DE,3.33,2022,"3,012,100"
percent women,DE,3.33,2022,52.1%
total employment,DK,3.33,2022,"263,800"
percent women,DK,3.33,2022,54.5%
total employment,EE,3.33,2022,"49,300"
percent women,EE,3.33,2022,65.7%
total employment,EL,3.33,2022,"132,800"
percent women,EL,3.33,2022,51.5%
total employment,ES,3.33,2022,"1,072,000"
percent women,ES,3.33,2022,45.7%
total employment,FI,3.33,2022,"162,300"
percent women,FI,3.33,2022,59.5%
total employment,FR,3.33,2022,"1,881,500"
percent women,FR,3.33,2022,67.5%
total employment,HR,3.33,2022,"89,100"
percent women,HR,3.33,2022,60.7%
total employment,HU,3.33,2022,"384,000"
percent women,HU,3.33,2022,68.2%
total employment,IE,3.33,2022,"152,700"
percent women,IE,3.33,2022,59%
total employment,IT,3.33,2022,"1,613,000"
percent women,IT,3.33,2022,42%
total employment,LT,3.33,2022,"64,900"
percent women,LT,3.33,2022,63%
total employment,LU,3.33,2022,"26,100"
percent women,LU,3.33,2022,56.8%
total employment,LV,3.33,2022,"72,100"
percent women,LV,3.33,2022,67.1%
total employment,NL,3.33,2022,"636,900"
percent women,NL,3.33,2022,49.8%
total employment,PL,3.33,2022,"1,103,700"
percent women,PL,3.33,2022,60.1%
total employment,PT,3.33,2022,"286,800"
percent women,PT,3.33,2022,49.6%
total employment,RO,3.33,2022,"246,900"
percent women,RO,3.33,2022,55.9%
total employment,SE,3.33,2022,"453,300"
percent women,SE,3.33,2022,53.5%
total employment,SI,3.33,2022,"75,600"
percent women,SI,3.33,2022,58.7%
total employment,SK,3.33,2022,"171,500"
percent women,SK,3.33,2022,64.2%
total employment,EU,3.31,2022,"6,978,000"
percent women,EU,3.31,2022,19.5%
percent unemployed,EU,3.31,2022,1.7%
relative income,EU,3.31,2020,110.1%
total employment,AT,3.31,2022,"217,300"
percent women,AT,3.31,2022,8.4%
total employment,BE,3.31,2022,"141,800"
percent women,BE,3.31,2022,19%
total employment,BG,3.31,2022,"71,400"
percent women,BG,3.31,2022,16.1%
total employment,CY,3.31,2022,"8,800"
percent women,CY,3.31,2022,15.4%
total employment,CZ,3.31,2022,"244,000"
percent women,CZ,3.31,2022,16.4%
total employment,DE,3.31,2022,"1,826,300"
percent women,DE,3.31,2022,20.5%
total employment,DK,3.31,2022,"141,000"
percent women,DK,3.31,2022,16.4%
total employment,EE,3.31,2022,"24,600"
percent women,EE,3.31,2022,15.1%
total employment,EL,3.31,2022,"61,000"
percent women,EL,3.31,2022,12.5%
total employment,ES,3.31,2022,"472,100"
percent women,ES,3.31,2022,23%
total employment,FI,3.31,2022,"102,700"
percent women,FI,3.31,2022,22.8%
total employment,FR,3.31,2022,"940,000"
percent women,FR,3.31,2022,20.1%
total employment,HR,3.31,2022,"65,500"
percent women,HR,3.31,2022,15.7%
total employment,HU,3.31,2022,"124,000"
percent women,HU,3.31,2022,26.1%
total employment,IE,3.31,2022,"44,400"
percent women,IE,3.31,2022,31.1%
total employment,IT,3.31,2022,"913,300"
percent women,IT,3.31,2022,17.6%
total employment,LT,3.31,2022,"29,500"
percent women,LT,3.31,2022,21.8%
total employment,LU,3.31,2022,"5,600"
percent women,LU,3.31,2022,10.7%
total employment,LV,3.31,2022,"22,200"
total employment,NL,3.31,2022,"251,400"
percent women,NL,3.31,2022,15%
total employment,PL,3.31,2022,"644,300"
percent women,PL,3.31,2022,23.4%
total employment,PT,3.31,2022,"103,800"
percent women,PT,3.31,2022,16.4%
total employment,RO,3.31,2022,"98,800"
percent women,RO,3.31,2022,23.3%
total employment,SE,3.31,2022,"256,000"
percent women,SE,3.31,2022,19.9%
total employment,SI,3.31,2022,"40,100"
percent women,SI,3.31,2022,19.4%
total employment,SK,3.31,2022,"128,100"
percent women,SK,3.31,2022,13.2%
total employment,EU,4,2022,"19,965,800"
percent women,EU,4,2022,66.3%
percent unemployed,EU,4,2022,2.8%
relative income,EU,4,2020,100%
total employment,AT,4,2022,"418,900"
percent women,AT,4,2022,70.2%
total employment,BE,4,2022,"618,000"
percent women,BE,4,2022,61.8%
total employment,BG,4,2022,"191,400"
percent women,BG,4,2022,73.5%
total employment,CY,4,2022,"51,600"
percent women,CY,4,2022,74.3%
total employment,CZ,4,2022,"448,300"
percent women,CZ,4,2022,77.3%
total employment,DE,4,2022,"5,546,600"
percent women,DE,4,2022,65.3%
total employment,DK,4,2022,"188,500"
percent women,DK,4,2022,69.6%
total employment,EE,4,2022,"46,300"
percent women,EE,4,2022,64.1%
total employment,EL,4,2022,"457,800"
percent women,EL,4,2022,55.8%
total employment,ES,4,2022,"2,142,400"
percent women,ES,4,2022,69.4%
total employment,FI,4,2022,"146,000"
percent women,FI,4,2022,70.6%
total employment,FR,4,2022,"2,333,200"
percent women,FR,4,2022,71.3%
total employment,HR,4,2022,"165,900"
percent women,HR,4,2022,67.3%
total employment,HU,4,2022,"377,900"
percent women,HU,4,2022,69.8%
total employment,IE,4,2022,"219,500"
percent women,IE,4,2022,75%
total employment,IT,4,2022,"2,945,600"
percent women,IT,4,2022,64%
total employment,LT,4,2022,"64,400"
percent women,LT,4,2022,73%
total employment,LU,4,2022,"19,100"
percent women,LU,4,2022,55.1%
total employment,LV,4,2022,"47,900"
percent women,LV,4,2022,70.2%
total employment,MT,4,2022,"30,000"
percent women,MT,4,2022,60.5%
total employment,NL,4,2022,"829,500"
percent women,NL,4,2022,59.2%
total employment,PL,4,2022,"1,202,600"
percent women,PL,4,2022,60.8%
total employment,PT,4,2022,"462,700"
percent women,PT,4,2022,67.9%
total employment,RO,4,2022,"376,200"
percent women,RO,4,2022,64.6%
total employment,SE,4,2022,"305,500"
percent women,SE,4,2022,60.6%
total employment,SI,4,2022,"70,800"
percent women,SI,4,2022,59%
total employment,SK,4,2022,"259,200"
percent women,SK,4,2022,78%
total employment,EU,4.43,2022,"6,034,300"
percent women,EU,4.43,2022,47.7%
percent unemployed,EU,4.43,2022,2.3%
relative income,EU,4.43,2020,102.3%
total employment,AT,4.43,2022,"121,800"
percent women,AT,4.43,2022,53.5%
total employment,BE,4.43,2022,"151,500"
percent women,BE,4.43,2022,38.1%
total employment,BG,4.43,2022,"76,500"
percent women,BG,4.43,2022,59.1%
total employment,CY,4.43,2022,"15,100"
percent women,CY,4.43,2022,58.8%
total employment,CZ,4.43,2022,"213,900"
percent women,CZ,4.43,2022,71.4%
total employment,DE,4.43,2022,"1,609,100"
percent women,DE,4.43,2022,43.5%
total employment,DK,4.43,2022,"54,200"
percent women,DK,4.43,2022,56.3%
total employment,EE,4.43,2022,"25,800"
percent women,EE,4.43,2022,54.8%
total employment,EL,4.43,2022,"67,600"
percent women,EL,4.43,2022,20.8%
total employment,ES,4.43,2022,"525,500"
percent women,ES,4.43,2022,54.4%
total employment,FI,4.43,2022,"42,300"
percent women,FI,4.43,2022,61%
total employment,FR,4.43,2022,"743,000"
percent women,FR,4.43,2022,51%
total employment,HR,4.43,2022,"77,800"
percent women,HR,4.43,2022,55.4%
total employment,HU,4.43,2022,"141,000"
percent women,HU,4.43,2022,50.6%
total employment,IE,4.43,2022,"57,500"
percent women,IE,4.43,2022,70%
total employment,IT,4.43,2022,"667,500"
percent women,IT,4.43,2022,47%
total employment,LT,4.43,2022,"25,700"
percent women,LT,4.43,2022,68.7%
total employment,LU,4.43,2022,"6,200"
percent women,LU,4.43,2022,37.1%
total employment,LV,4.43,2022,"22,900"
percent women,LV,4.43,2022,64.1%
total employment,NL,4.43,2022,"365,100"
percent women,NL,4.43,2022,43.2%
total employment,PL,4.43,2022,"489,000"
percent women,PL,4.43,2022,34.7%
total employment,PT,4.43,2022,"90,700"
percent women,PT,4.43,2022,25.8%
total employment,RO,4.43,2022,"131,200"
percent women,RO,4.43,2022,55%
total employment,SE,4.43,2022,"168,900"
percent women,SE,4.43,2022,52.2%
total employment,SI,4.43,2022,"27,200"
percent women,SI,4.43,2022,33%
total employment,SK,4.43,2022,"117,400"
percent women,SK,4.43,2022,66.9%
total employment,EU,4.42,2022,"3,656,300"
percent women,EU,4.42,2022,71.7%
percent unemployed,EU,4.42,2022,4.1%
relative income,EU,4.42,2020,96.4%
total employment,AT,4.42,2022,"67,900"
percent women,AT,4.42,2022,69.5%
total employment,BE,4.42,2022,"54,400"
percent women,BE,4.42,2022,65.8%
total employment,BG,4.42,2022,"51,700"
percent women,BG,4.42,2022,79.8%
total employment,CY,4.42,2022,"11,100"
percent women,CY,4.42,2022,69.6%
total employment,CZ,4.42,2022,"62,700"
percent women,CZ,4.42,2022,77.1%
total employment,DE,4.42,2022,"642,300"
percent women,DE,4.42,2022,63.1%
total employment,DK,4.42,2022,"34,300"
percent women,DK,4.42,2022,73%
total employment,EE,4.42,2022,"12,000"
percent women,EE,4.42,2022,83.9%
total employment,EL,4.42,2022,"75,900"
percent women,EL,4.42,2022,62.5%
total employment,ES,4.42,2022,"1,004,000"
percent women,ES,4.42,2022,76.9%
total employment,FI,4.42,2022,"42,500"
percent women,FI,4.42,2022,73.3%
total employment,FR,4.42,2022,"323,500"
percent women,FR,4.42,2022,75.9%
total employment,HR,4.42,2022,"37,200"
percent women,HR,4.42,2022,81%
total employment,HU,4.42,2022,"59,500"
percent women,HU,4.42,2022,72.4%
total employment,IE,4.42,2022,"50,100"
percent women,IE,4.42,2022,67.2%
total employment,IT,4.42,2022,"488,300"
percent women,IT,4.42,2022,65.6%
total employment,LT,4.42,2022,"14,300"
percent women,LT,4.42,2022,75.6%
total employment,LU,4.42,2022,"4,000"
percent women,LU,4.42,2022,61.1%
total employment,LV,4.42,2022,"14,200"
percent women,LV,4.42,2022,77%
total employment,NL,4.42,2022,"201,600"
percent women,NL,4.42,2022,68.9%
total employment,PL,4.42,2022,"148,200"
percent women,PL,4.42,2022,84.1%
total employment,PT,4.42,2022,"98,000"
percent women,PT,4.42,2022,74%
total employment,RO,4.42,2022,"58,300"
percent women,RO,4.42,2022,74%
total employment,SE,4.42,2022,"62,100"
percent women,SE,4.42,2022,71%
total employment,SI,4.42,2022,"12,400"
percent women,SI,4.42,2022,65.5%
total employment,SK,4.42,2022,"25,800"
percent women,SK,4.42,2022,80%
total employment,EU,4.41,2022,"8,577,900"
percent women,EU,4.41,2022,78.1%
percent unemployed,EU,4.41,2022,2.5%
relative income,EU,4.41,2020,101.3%
total employment,AT,4.41,2022,"203,900"
percent women,AT,4.41,2022,83.8%
total employment,BE,4.41,2022,"375,500"
percent women,BE,4.41,2022,72.6%
total employment,BG,4.41,2022,"42,200"
percent women,BG,4.41,2022,86.5%
total employment,CY,4.41,2022,"22,800"
percent women,CY,4.41,2022,87.2%
total employment,CZ,4.41,2022,"127,900"
percent women,CZ,4.41,2022,87.4%
total employment,DE,4.41,2022,"2,841,000"
percent women,DE,4.41,2022,78.8%
total employment,DK,4.41,2022,"78,700"
percent women,DK,4.41,2022,81.7%
total employment,EE,4.41,2022,"2,200"
percent women,EE,4.41,2022,89.4%
total employment,EL,4.41,2022,"297,100"
percent women,EL,4.41,2022,61.5%
total employment,ES,4.41,2022,"538,700"
percent women,ES,4.41,2022,72.9%
total employment,FI,4.41,2022,"35,800"
percent women,FI,4.41,2022,90.4%
total employment,FR,4.41,2022,"983,800"
percent women,FR,4.41,2022,86.2%
total employment,HR,4.41,2022,"39,100"
percent women,HR,4.41,2022,85%
total employment,HU,4.41,2022,"145,700"
percent women,HU,4.41,2022,88%
total employment,IE,4.41,2022,"33,000"
percent women,IE,4.41,2022,82.4%
total employment,IT,4.41,2022,"1,608,000"
percent women,IT,4.41,2022,71.8%
total employment,LT,4.41,2022,"10,900"
percent women,LT,4.41,2022,85.3%
total employment,LU,4.41,2022,"7,000"
percent women,LU,4.41,2022,70.2%
total employment,LV,4.41,2022,"8,700"
percent women,LV,4.41,2022,76.5%
total employment,NL,4.41,2022,"157,200"
percent women,NL,4.41,2022,81.8%
total employment,PL,4.41,2022,"455,800"
percent women,PL,4.41,2022,84.1%
total employment,PT,4.41,2022,"259,000"
percent women,PT,4.41,2022,82.5%
total employment,RO,4.41,2022,"148,800"
percent women,RO,4.41,2022,70.7%
total employment,SE,4.41,2022,"50,200"
percent women,SE,4.41,2022,80.8%
total employment,SI,4.41,2022,"23,900"
percent women,SI,4.41,2022,88.2%
total employment,SK,4.41,2022,"80,900"
percent women,SK,4.41,2022,89.3%
total employment,EU,4.44,2022,"1,639,600"
percent women,EU,4.44,2022,60.7%
percent unemployed,EU,4.44,2022,3.2%
relative income,EU,4.44,2020,94%
total employment,AT,4.44,2022,"25,300"
percent women,AT,4.44,2022,42.7%
total employment,BE,4.44,2022,"36,700"
percent women,BE,4.44,2022,43.9%
total employment,BG,4.44,2022,"21,000"
percent women,BG,4.44,2022,84.4%
total employment,CY,4.44,2022,"2,500"
percent women,CY,4.44,2022,72.2%
total employment,CZ,4.44,2022,"43,700"
percent women,CZ,4.44,2022,77.2%
total employment,DE,4.44,2022,"454,100"
percent women,DE,4.44,2022,60.8%
total employment,DK,4.44,2022,"21,300"
percent women,DK,4.44,2022,52.8%
total employment,EE,4.44,2022,"6,200"
percent women,EE,4.44,2022,55.5%
total employment,EL,4.44,2022,"17,200"
percent women,EL,4.44,2022,67%
total employment,ES,4.44,2022,"74,300"
percent women,ES,4.44,2022,48.6%
total employment,FI,4.44,2022,"25,500"
percent women,FI,4.44,2022,54%
total employment,FR,4.44,2022,"276,000"
percent women,FR,4.44,2022,68.4%
total employment,HR,4.44,2022,"11,800"
percent women,HR,4.44,2022,43.8%
total employment,HU,4.44,2022,"31,700"
percent women,HU,4.44,2022,65.7%
total employment,IE,4.44,2022,"78,900"
percent women,IE,4.44,2022,80.4%
total employment,IT,4.44,2022,"181,800"
percent women,IT,4.44,2022,53.9%
total employment,LT,4.44,2022,"13,600"
percent women,LT,4.44,2022,68.6%
total employment,LU,4.44,2022,"1,800"
percent women,LU,4.44,2022,45.3%
total employment,NL,4.44,2022,"103,100"
percent women,NL,4.44,2022,63.2%
total employment,PL,4.44,2022,"102,900"
percent women,PL,4.44,2022,46.5%
total employment,PT,4.44,2022,"14,900"
percent women,PT,4.44,2022,31.4%
total employment,RO,4.44,2022,"37,900"
percent women,RO,4.44,2022,59%
total employment,SE,4.44,2022,"24,300"
percent women,SE,4.44,2022,50.4%
total employment,SI,4.44,2022,"7,400"
percent women,SI,4.44,2022,49.4%
total employment,SK,4.44,2022,"23,500"
percent women,SK,4.44,2022,85.6%
total employment,EU,9,2022,"17,383,000"
percent women,EU,9,2022,53.6%
percent unemployed,EU,9,2022,6.4%
relative income,EU,9,2020,100%
total employment,AT,9,2022,"353,700"
percent women,AT,9,2022,58.6%
total employment,BE,9,2022,"494,600"
percent women,BE,9,2022,58.1%
total employment,BG,9,2022,"398,100"
percent women,BG,9,2022,37.2%
total employment,CY,9,2022,"60,500"
percent women,CY,9,2022,61.6%
total employment,CZ,9,2022,"295,400"
percent women,CZ,9,2022,59.3%
total employment,DE,9,2022,"3,205,300"
percent women,DE,9,2022,54.8%
total employment,DK,9,2022,"314,400"
percent women,DK,9,2022,43.8%
total employment,EE,9,2022,"54,400"
percent women,EE,9,2022,58.3%
total employment,EL,9,2022,"286,800"
percent women,EL,9,2022,52.5%
total employment,ES,9,2022,"2,524,500"
percent women,ES,9,2022,56.9%
total employment,FI,9,2022,"193,400"
percent women,FI,9,2022,57.9%
total employment,FR,9,2022,"2,410,300"
percent women,FR,9,2022,60.5%
total employment,HR,9,2022,"137,100"
percent women,HR,9,2022,53.2%
total employment,HU,9,2022,"421,400"
percent women,HU,9,2022,52.8%
total employment,IE,9,2022,"183,600"
percent women,IE,9,2022,41.3%
total employment,IT,9,2022,"2,498,800"
percent women,IT,9,2022,44.4%
total employment,LT,9,2022,"145,200"
percent women,LT,9,2022,53.1%
total employment,LU,9,2022,"24,600"
percent women,LU,9,2022,69.3%
total employment,LV,9,2022,"107,800"
percent women,LV,9,2022,53.5%
total employment,MT,9,2022,"24,000"
percent women,MT,9,2022,39.1%
total employment,NL,9,2022,"753,200"
percent women,NL,9,2022,47.8%
total employment,PL,9,2022,"843,000"
percent women,PL,9,2022,66.6%
total employment,PT,9,2022,"420,900"
percent women,PT,9,2022,67.8%
total employment,RO,9,2022,"764,900"
percent women,RO,9,2022,38.3%
total employment,SE,9,2022,"228,400"
percent women,SE,9,2022,48.3%
total employment,SI,9,2022,"91,200"
percent women,SI,9,2022,54.5%
total employment,SK,9,2022,"147,600"
percent women,SK,9,2022,56.2%
total employment,EU,9.92,2022,"1,564,500"
percent women,EU,9.92,2022,28.5%
percent unemployed,EU,9.92,2022,9.8%
relative income,EU,9.92,2020,72.2%
total employment,AT,9.92,2022,"6,800"
total employment,BE,9.92,2022,"24,100"
percent women,BE,9.92,2022,17.6%
total employment,BG,9.92,2022,"44,800"
percent women,BG,9.92,2022,40.4%
total employment,CY,9.92,2022,"3,700"
percent women,CY,9.92,2022,18.8%
total employment,CZ,9.92,2022,"15,100"
percent women,CZ,9.92,2022,46.3%
total employment,DE,9.92,2022,"145,100"
percent women,DE,9.92,2022,25.1%
total employment,DK,9.92,2022,"22,600"
percent women,DK,9.92,2022,38.8%
total employment,EE,9.92,2022,"2,600"
percent women,EE,9.92,2022,45.5%
total employment,EL,9.92,2022,"39,200"
percent women,EL,9.92,2022,33.7%
total employment,ES,9.92,2022,"355,600"
percent women,ES,9.92,2022,20%
total employment,FI,9.92,2022,"7,900"
total employment,FR,9.92,2022,"139,500"
percent women,FR,9.92,2022,17%
total employment,HR,9.92,2022,"26,100"
percent women,HR,9.92,2022,44.4%
total employment,HU,9.92,2022,"57,800"
percent women,HU,9.92,2022,43.4%
total employment,IE,9.92,2022,"13,500"
total employment,IT,9.92,2022,"367,500"
percent women,IT,9.92,2022,25.3%
total employment,LT,9.92,2022,"13,800"
percent women,LT,9.92,2022,47.2%
total employment,LU,9.92,2022,"1,000"
total employment,LV,9.92,2022,"11,700"
total employment,NL,9.92,2022,"34,700"
percent women,NL,9.92,2022,36.7%
total employment,PL,9.92,2022,"46,700"
percent women,PL,9.92,2022,36.8%
total employment,PT,9.92,2022,"15,900"
percent women,PT,9.92,2022,47.6%
total employment,RO,9.92,2022,"147,500"
percent women,RO,9.92,2022,46%
total employment,SE,9.92,2022,"3,800"
total employment,SI,9.92,2022,"9,900"
percent women,SI,9.92,2022,52.6%
total employment,SK,9.92,2022,"7,800"
total employment,EU,9.91,2022,"6,820,400"
percent women,EU,9.91,2022,84.8%
percent unemployed,EU,9.91,2022,5.5%
relative income,EU,9.91,2020,92.4%
total employment,AT,9.91,2022,"140,300"
percent women,AT,9.91,2022,90.7%
total employment,BE,9.91,2022,"276,000"
percent women,BE,9.91,2022,83.8%
total employment,BG,9.91,2022,"65,800"
percent women,BG,9.91,2022,85.8%
total employment,CY,9.91,2022,"32,800"
percent women,CY,9.91,2022,88.3%
total employment,CZ,9.91,2022,"94,500"
percent women,CZ,9.91,2022,92.7%
total employment,DE,9.91,2022,"1,272,600"
percent women,DE,9.91,2022,82.4%
total employment,DK,9.91,2022,"71,000"
percent women,DK,9.91,2022,68.2%
total employment,EE,9.91,2022,"17,600"
percent women,EE,9.91,2022,89.9%
total employment,EL,9.91,2022,"95,700"
percent women,EL,9.91,2022,90.1%
total employment,ES,9.91,2022,"1,137,800"
percent women,ES,9.91,2022,89.6%
total employment,FI,9.91,2022,"79,100"
percent women,FI,9.91,2022,86.4%
total employment,FR,9.91,2022,"1,160,300"
percent women,FR,9.91,2022,84.7%
total employment,HR,9.91,2022,"50,000"
percent women,HR,9.91,2022,92.3%
total employment,HU,9.91,2022,"112,900"
percent women,HU,9.91,2022,90.3%
total employment,IE,9.91,2022,"44,900"
percent women,IE,9.91,2022,74.3%
total employment,IT,9.91,2022,"999,100"
percent women,IT,9.91,2022,79.9%
total employment,LT,9.91,2022,"41,900"
percent women,LT,9.91,2022,88.3%
total employment,LU,9.91,2022,"15,400"
percent women,LU,9.91,2022,93.7%
total employment,LV,9.91,2022,"22,400"
percent women,LV,9.91,2022,96.8%
total employment,NL,9.91,2022,"236,700"
percent women,NL,9.91,2022,77.4%
total employment,PL,9.91,2022,"359,700"
percent women,PL,9.91,2022,89.9%
total employment,PT,9.91,2022,"203,500"
percent women,PT,9.91,2022,93.7%
total employment,RO,9.91,2022,"130,200"
percent women,RO,9.91,2022,83.4%
total employment,SE,9.91,2022,"88,500"
percent women,SE,9.91,2022,62.9%
total employment,SI,9.91,2022,"22,100"
percent women,SI,9.91,2022,90.7%
total employment,SK,9.91,2022,"49,500"
percent women,SK,9.91,2022,95.2%
total employment,EU,9.94,2022,"1,452,100"
percent women,EU,9.94,2022,65.9%
percent unemployed,EU,9.94,2022,7.5%
relative income,EU,9.94,2020,96.7%
total employment,AT,9.94,2022,"35,600"
percent women,AT,9.94,2022,71.6%
total employment,BE,9.94,2022,"37,700"
percent women,BE,9.94,2022,58%
total employment,BG,9.94,2022,"10,200"
percent women,BG,9.94,2022,75.3%
total employment,CY,9.94,2022,"5,900"
percent women,CY,9.94,2022,60.4%
total employment,CZ,9.94,2022,"17,600"
percent women,CZ,9.94,2022,85.5%
total employment,DE,9.94,2022,"330,900"
percent women,DE,9.94,2022,65.8%
total employment,DK,9.94,2022,"62,000"
percent women,DK,9.94,2022,61.9%
total employment,EE,9.94,2022,"3,400"
percent women,EE,9.94,2022,84.9%
total employment,EL,9.94,2022,"35,100"
percent women,EL,9.94,2022,69.1%
total employment,ES,9.94,2022,"175,700"
percent women,ES,9.94,2022,66.1%
total employment,FI,9.94,2022,"33,000"
percent women,FI,9.94,2022,66.1%
total employment,FR,9.94,2022,"224,500"
percent women,FR,9.94,2022,63.7%
total employment,HR,9.94,2022,"4,700"
percent women,HR,9.94,2022,83%
total employment,HU,9.94,2022,"46,500"
percent women,HU,9.94,2022,87.6%
total employment,IE,9.94,2022,"34,400"
percent women,IE,9.94,2022,65.3%
total employment,IT,9.94,2022,"93,000"
percent women,IT,9.94,2022,50.3%
total employment,LT,9.94,2022,"6,600"
percent women,LT,9.94,2022,94.1%
total employment,LU,9.94,2022,"2,100"
percent women,LU,9.94,2022,66.2%
total employment,NL,9.94,2022,"70,600"
percent women,NL,9.94,2022,42.8%
total employment,PL,9.94,2022,"71,200"
percent women,PL,9.94,2022,85%
total employment,PT,9.94,2022,"44,700"
percent women,PT,9.94,2022,88.8%
total employment,RO,9.94,2022,"13,400"
percent women,RO,9.94,2022,70.8%
total employment,SE,9.94,2022,"67,700"
percent women,SE,9.94,2022,51.5%
total employment,SI,9.94,2022,"8,300"
percent women,SI,9.94,2022,77.4%
total employment,SK,9.94,2022,"13,600"
percent women,SK,9.94,2022,91.3%
total employment,EU,9.96,2022,"1,950,900"
percent women,EU,9.96,2022,25.8%
percent unemployed,EU,9.96,2022,6.3%
relative income,EU,9.96,2020,94.6%
total employment,AT,9.96,2022,"21,800"
percent women,AT,9.96,2022,33.2%
total employment,BE,9.96,2022,"49,700"
percent women,BE,9.96,2022,7.4%
total employment,BG,9.96,2022,"122,500"
percent women,BG,9.96,2022,28.3%
total employment,CY,9.96,2022,"5,800"
percent women,CY,9.96,2022,15.6%
total employment,CZ,9.96,2022,"34,400"
percent women,CZ,9.96,2022,27.3%
total employment,DE,9.96,2022,"245,300"
percent women,DE,9.96,2022,37.6%
total employment,DK,9.96,2022,"34,300"
percent women,DK,9.96,2022,31.4%
total employment,EE,9.96,2022,"15,900"
percent women,EE,9.96,2022,33.1%
total employment,EL,9.96,2022,"41,500"
percent women,EL,9.96,2022,22.5%
total employment,ES,9.96,2022,"153,800"
percent women,ES,9.96,2022,31.6%
total employment,FI,9.96,2022,"9,900"
percent women,FI,9.96,2022,29.3%
total employment,FR,9.96,2022,"230,400"
percent women,FR,9.96,2022,29%
total employment,HR,9.96,2022,"16,400"
percent women,HR,9.96,2022,6.8%
total employment,HU,9.96,2022,"62,300"
percent women,HU,9.96,2022,43.4%
total employment,IE,9.96,2022,"26,700"
total employment,IT,9.96,2022,"456,400"
percent women,IT,9.96,2022,11.7%
total employment,LT,9.96,2022,"28,100"
percent women,LT,9.96,2022,35.6%
total employment,LU,9.96,2022,"2,000"
total employment,LV,9.96,2022,"24,500"
percent women,LV,9.96,2022,53.3%
total employment,NL,9.96,2022,"37,500"
percent women,NL,9.96,2022,36.1%
total employment,PL,9.96,2022,"104,000"
percent women,PL,9.96,2022,38.1%
total employment,PT,9.96,2022,"57,300"
percent women,PT,9.96,2022,19.4%
total employment,RO,9.96,2022,"124,200"
percent women,RO,9.96,2022,21.1%
total employment,SE,9.96,2022,"19,400"
percent women,SE,9.96,2022,23.6%
total employment,SI,9.96,2022,"13,900"
percent women,SI,9.96,2022,24.5%
total employment,SK,9.96,2022,"12,900"
total employment,EU,9.95,2022,"117,900"
percent women,EU,9.95,2022,21.9%
relative income,EU,9.95,2020,89.1%
total employment,BG,9.95,2022,"5,500"
total employment,CY,9.95,2022,500
total employment,ES,9.95,2022,"6,500"
total employment,FI,9.95,2022,"2,200"
percent women,FI,9.95,2022,93.6%
total employment,IT,9.95,2022,"84,700"
percent women,IT,9.95,2022,18.7%
total employment,PT,9.95,2022,"8,000"
percent women,PT,9.95,2022,43.8%
total employment,EU,9.93,2022,"5,445,500"
percent women,EU,9.93,2022,29.2%
percent unemployed,EU,9.93,2022,6.4%
relative income,EU,9.93,2020,118.8%
total employment,AT,9.93,2022,"148,600"
percent women,AT,9.93,2022,30.5%
total employment,BE,9.93,2022,"106,600"
percent women,BE,9.93,2022,24.7%
total employment,BG,9.93,2022,"149,200"
percent women,BG,9.93,2022,20.5%
total employment,CY,9.93,2022,"11,800"
percent women,CY,9.93,2022,26.1%
total employment,CZ,9.93,2022,"133,800"
percent women,CZ,9.93,2022,42.1%
total employment,DE,9.93,2022,"1,210,200"
percent women,DE,9.93,2022,29.9%
total employment,DK,9.93,2022,"124,600"
percent women,DK,9.93,2022,25.1%
total employment,EE,9.93,2022,"14,900"
percent women,EE,9.93,2022,44%
total employment,EL,9.93,2022,"74,400"
percent women,EL,9.93,2022,23.4%
total employment,ES,9.93,2022,"695,000"
percent women,ES,9.93,2022,25.7%
total employment,FI,9.93,2022,"61,400"
percent women,FI,9.93,2022,24.3%
total employment,FR,9.93,2022,"651,400"
percent women,FR,9.93,2022,36.8%
total employment,HR,9.93,2022,"39,000"
percent women,HR,9.93,2022,26%
total employment,HU,9.93,2022,"141,300"
percent women,HU,9.93,2022,19.6%
total employment,IE,9.93,2022,"63,300"
percent women,IE,9.93,2022,18%
total employment,IT,9.93,2022,"498,200"
percent women,IT,9.93,2022,20.4%
total employment,LT,9.93,2022,"54,700"
percent women,LT,9.93,2022,31.7%
total employment,LU,9.93,2022,"4,100"
total employment,LV,9.93,2022,"45,300"
percent women,LV,9.93,2022,31.8%
total employment,NL,9.93,2022,"373,500"
percent women,NL,9.93,2022,32.2%
total employment,PL,9.93,2022,"258,200"
percent women,PL,9.93,2022,45.8%
total employment,PT,9.93,2022,"91,500"
percent women,PT,9.93,2022,35.8%
total employment,RO,9.93,2022,"347,300"
percent women,RO,9.93,2022,23.3%
total employment,SE,9.93,2022,"48,800"
percent women,SE,9.93,2022,26.6%
total employment,SI,9.93,2022,"36,900"
percent women,SI,9.93,2022,39.5%
total employment,SK,9.93,2022,"61,500"
percent women,SK,9.93,2022,28.8%
total employment,EU,6,2022,"6,008,900"
percent women,EU,6,2022,29%
percent unemployed,EU,6,2022,1.5%
relative income,EU,6,2020,100%
total employment,AT,6,2022,"148,800"
percent women,AT,6,2022,39.5%
total employment,BE,6,2022,"55,100"
percent women,BE,6,2022,14.8%
total employment,BG,6,2022,"109,100"
percent women,BG,6,2022,33.8%
total employment,CY,6,2022,"7,000"
percent women,CY,6,2022,12.9%
total employment,CZ,6,2022,"61,300"
percent women,CZ,6,2022,32.5%
total employment,DE,6,2022,"566,600"
percent women,DE,6,2022,23%
total employment,DK,6,2022,"46,800"
percent women,DK,6,2022,17.2%
total employment,EE,6,2022,"7,700"
percent women,EE,6,2022,31.2%
total employment,EL,6,2022,"467,600"
percent women,EL,6,2022,37.2%
total employment,ES,6,2022,"463,200"
percent women,ES,6,2022,19.8%
total employment,FI,6,2022,"75,400"
percent women,FI,6,2022,33.2%
total employment,FR,6,2022,"808,000"
percent women,FR,6,2022,24.2%
total employment,HR,6,2022,"62,200"
percent women,HR,6,2022,26%
total employment,HU,6,2022,"121,200"
percent women,HU,6,2022,27.1%
total employment,IE,6,2022,"80,600"
percent women,IE,6,2022,9.3%
total employment,IT,6,2022,"546,700"
percent women,IT,6,2022,20.3%
total employment,LT,6,2022,"45,900"
percent women,LT,6,2022,38.2%
total employment,LU,6,2022,"4,700"
percent women,LU,6,2022,19.3%
total employment,LV,6,2022,"24,200"
percent women,LV,6,2022,40.2%
total employment,MT,6,2022,"2,100"
total employment,NL,6,2022,"125,400"
percent women,NL,6,2022,20%
total employment,PL,6,2022,"1,288,800"
percent women,PL,6,2022,38.6%
total employment,PT,6,2022,"120,100"
percent women,PT,6,2022,27%
total employment,RO,6,2022,"623,100"
percent women,RO,6,2022,32.9%
total employment,SE,6,2022,"89,800"
percent women,SE,6,2022,25.6%
total employment,SI,6,2022,"31,700"
percent women,SI,6,2022,34.6%
total employment,SK,6,2022,"25,700"
total employment,EU,6.61,2022,"5,672,400"
percent women,EU,6.61,2022,30.3%
percent unemployed,EU,6.61,2022,1.4%
relative income,EU,6.61,2020,101.5%
total employment,AT,6.61,2022,"144,000"
percent women,AT,6.61,2022,40.7%
total employment,BE,6.61,2022,"52,300"
percent women,BE,6.61,2022,15.6%
total employment,BG,6.61,2022,"93,100"
percent women,BG,6.61,2022,38.1%
total employment,CY,6.61,2022,"6,900"
percent women,CY,6.61,2022,13.1%
total employment,CZ,6.61,2022,"43,400"
percent women,CZ,6.61,2022,42.5%
total employment,DE,6.61,2022,"536,300"
percent women,DE,6.61,2022,23.7%
total employment,DK,6.61,2022,"44,100"
percent women,DK,6.61,2022,18.2%
total employment,EE,6.61,2022,"5,200"
percent women,EE,6.61,2022,42.2%
total employment,EL,6.61,2022,"452,200"
percent women,EL,6.61,2022,38.1%
total employment,ES,6.61,2022,"429,400"
percent women,ES,6.61,2022,20.3%
total employment,FI,6.61,2022,"64,400"
percent women,FI,6.61,2022,36.2%
total employment,FR,6.61,2022,"759,100"
percent women,FR,6.61,2022,25%
total employment,HR,6.61,2022,"55,100"
percent women,HR,6.61,2022,28.9%
total employment,HU,6.61,2022,"107,900"
percent women,HU,6.61,2022,30.3%
total employment,IE,6.61,2022,"77,500"
percent women,IE,6.61,2022,9.6%
total employment,IT,6.61,2022,"525,000"
percent women,IT,6.61,2022,21%
total employment,LT,6.61,2022,"41,400"
percent women,LT,6.61,2022,38.7%
total employment,LU,6.61,2022,"4,400"
percent women,LU,6.61,2022,20.5%
total employment,LV,6.61,2022,"15,200"
percent women,LV,6.61,2022,54.2%
total employment,NL,6.61,2022,"124,100"
percent women,NL,6.61,2022,20.1%
total employment,PL,6.61,2022,"1,270,300"
percent women,PL,6.61,2022,39.1%
total employment,PT,6.61,2022,"97,900"
percent women,PT,6.61,2022,31.2%
total employment,RO,6.61,2022,"610,600"
percent women,RO,6.61,2022,33.6%
total employment,SE,6.61,2022,"69,600"
percent women,SE,6.61,2022,31.8%
total employment,SI,6.61,2022,"30,200"
percent women,SI,6.61,2022,36.1%
total employment,SK,6.61,2022,"13,000"
total employment,EU,6.62,2022,"315,000"
percent women,EU,6.62,2022,8%
relative income,EU,6.62,2020,82.2%
total employment,BG,6.62,2022,"15,300"
total employment,CZ,6.62,2022,"13,900"
total employment,DE,6.62,2022,"30,300"
total employment,DK,6.62,2022,"2,700"
total employment,EE,6.62,2022,"2,500"
total employment,EL,6.62,2022,"14,100"
total employment,ES,6.62,2022,"33,800"
percent women,ES,6.62,2022,12.9%
total employment,FI,6.62,2022,"11,000"
total employment,FR,6.62,2022,"48,900"
total employment,HR,6.62,2022,"6,900"
total employment,HU,6.62,2022,"13,300"
total employment,IT,6.62,2022,"21,800"
total employment,LT,6.62,2022,"3,400"
total employment,LV,6.62,2022,"5,300"
total employment,PL,6.62,2022,"13,300"
total employment,PT,6.62,2022,"22,200"
total employment,RO,6.62,2022,"12,300"
total employment,SE,6.62,2022,"20,200"
total employment,SK,6.62,2022,"10,600"
total employment,EU,1,2022,"10,343,500"
percent women,EU,1,2022,34.9%
percent unemployed,EU,1,2022,1.4%
relative income,EU,1,2020,100%
total employment,AT,1,2022,"228,800"
percent women,AT,1,2022,33.4%
total employment,BE,1,2022,"347,400"
percent women,BE,1,2022,36.5%
total employment,BG,1,2022,"147,700"
percent women,BG,1,2022,39.8%
total employment,CY,1,2022,"17,100"
percent women,CY,1,2022,23.1%
total employment,CZ,1,2022,"260,400"
percent women,CZ,1,2022,26.3%
total employment,DE,1,2022,"1,752,800"
percent women,DE,1,2022,28.6%
total employment,DK,1,2022,"82,100"
percent women,DK,1,2022,29.3%
total employment,EE,1,2022,"52,200"
percent women,EE,1,2022,40.1%
total employment,EL,1,2022,"125,200"
percent women,EL,1,2022,32.3%
total employment,ES,1,2022,"863,100"
percent women,ES,1,2022,34.9%
total employment,FI,1,2022,"43,700"
percent women,FI,1,2022,36%
total employment,FR,1,2022,"2,045,800"
percent women,FR,1,2022,38.9%
total employment,HR,1,2022,"72,700"
percent women,HR,1,2022,21.6%
total employment,HU,1,2022,"206,700"
percent women,HU,1,2022,37.5%
total employment,IE,1,2022,"242,300"
percent women,IE,1,2022,38%
total employment,IT,1,2022,"867,100"
percent women,IT,1,2022,27.9%
total employment,LT,1,2022,"132,700"
percent women,LT,1,2022,38.5%
total employment,LU,1,2022,"14,000"
percent women,LU,1,2022,26.6%
total employment,LV,1,2022,"86,100"
percent women,LV,1,2022,45.2%
total employment,MT,1,2022,"33,100"
percent women,MT,1,2022,34.6%
total employment,NL,1,2022,"542,400"
percent women,NL,1,2022,28.5%
total employment,PL,1,2022,"1,109,800"
percent women,PL,1,2022,42.9%
total employment,PT,1,2022,"301,400"
percent women,PT,1,2022,39.4%
total employment,RO,1,2022,"237,600"
percent women,RO,1,2022,33%
total employment,SE,1,2022,"341,300"
percent women,SE,1,2022,41.7%
total employment,SI,1,2022,"41,700"
percent women,SI,1,2022,34.8%
total employment,SK,1,2022,"148,000"
percent women,SK,1,2022,38%
total employment,EU,1.12,2022,"2,696,400"
percent women,EU,1.12,2022,42.3%
percent unemployed,EU,1.12,2022,1.5%
relative income,EU,1.12,2020,116.3%
total employment,AT,1.12,2022,"82,000"
percent women,AT,1.12,2022,34.8%
total employment,BE,1.12,2022,"122,000"
percent women,BE,1.12,2022,45.2%
total employment,BG,1.12,2022,"40,100"
percent women,BG,1.12,2022,48.2%
total employment,CY,1.12,2022,"4,600"
percent women,CY,1.12,2022,24.1%
total employment,CZ,1.12,2022,"96,600"
percent women,CZ,1.12,2022,25.8%
total employment,DE,1.12,2022,"448,200"
percent women,DE,1.12,2022,30%
total employment,DK,1.12,2022,"24,900"
percent women,DK,1.12,2022,33.4%
total employment,EE,1.12,2022,"6,500"
percent women,EE,1.12,2022,64.1%
total employment,EL,1.12,2022,"30,400"
percent women,EL,1.12,2022,30.9%
total employment,ES,1.12,2022,"238,900"
percent women,ES,1.12,2022,37.7%
total employment,FI,1.12,2022,"13,400"
percent women,FI,1.12,2022,39.4%
total employment,FR,1.12,2022,"642,100"
percent women,FR,1.12,2022,52.6%
total employment,HR,1.12,2022,"14,900"
percent women,HR,1.12,2022,35.5%
total employment,HU,1.12,2022,"39,400"
percent women,HU,1.12,2022,51.2%
total employment,IE,1.12,2022,"46,600"
percent women,IE,1.12,2022,32.3%
total employment,IT,1.12,2022,"42,900"
percent women,IT,1.12,2022,29.7%
total employment,LT,1.12,2022,"50,000"
percent women,LT,1.12,2022,46.7%
total employment,LU,1.12,2022,"6,500"
percent women,LU,1.12,2022,26.2%
total employment,LV,1.12,2022,"23,700"
percent women,LV,1.12,2022,67.3%
total employment,NL,1.12,2022,"155,900"
percent women,NL,1.12,2022,33.4%
total employment,PL,1.12,2022,"300,400"
percent women,PL,1.12,2022,52.3%
total employment,PT,1.12,2022,"57,000"
percent women,PT,1.12,2022,54.4%
total employment,RO,1.12,2022,"40,200"
percent women,RO,1.12,2022,37.1%
total employment,SE,1.12,2022,"127,300"
percent women,SE,1.12,2022,43.2%
total employment,SI,1.12,2022,"13,800"
percent women,SI,1.12,2022,40.9%
total employment,SK,1.12,2022,"28,100"
percent women,SK,1.12,2022,38.1%
total employment,EU,1.11,2022,"1,660,000"
percent women,EU,1.11,2022,28.1%
relative income,EU,1.11,2020,120.5%
total employment,AT,1.11,2022,"34,000"
percent women,AT,1.11,2022,25.3%
total employment,BE,1.11,2022,"91,300"
percent women,BE,1.11,2022,27.8%
total employment,BG,1.11,2022,"11,100"
total employment,CY,1.11,2022,"2,000"
total employment,CZ,1.11,2022,"40,800"
percent women,CZ,1.11,2022,21.6%
total employment,DE,1.11,2022,"572,200"
percent women,DE,1.11,2022,22.3%
total employment,DK,1.11,2022,"14,800"
percent women,DK,1.11,2022,23.3%
total employment,EE,1.11,2022,"1,400"
total employment,EL,1.11,2022,"8,000"
percent women,EL,1.11,2022,49.5%
total employment,ES,1.11,2022,"49,000"
percent women,ES,1.11,2022,44.7%
total employment,FI,1.11,2022,"10,600"
percent women,FI,1.11,2022,40%
total employment,FR,1.11,2022,"222,000"
percent women,FR,1.11,2022,25.5%
total employment,HR,1.11,2022,"5,200"
percent women,HR,1.11,2022,27.4%
total employment,HU,1.11,2022,"8,800"
percent women,HU,1.11,2022,40.2%
total employment,IT,1.11,2022,"80,500"
percent women,IT,1.11,2022,27.8%
total employment,LT,1.11,2022,"40,100"
percent women,LT,1.11,2022,32%
total employment,LU,1.11,2022,"3,400"
percent women,LU,1.11,2022,21.4%
total employment,LV,1.11,2022,"34,300"
percent women,LV,1.11,2022,32.6%
total employment,NL,1.11,2022,"58,100"
percent women,NL,1.11,2022,29.1%
total employment,PL,1.11,2022,"198,100"
percent women,PL,1.11,2022,35.1%
total employment,PT,1.11,2022,"34,000"
percent women,PT,1.11,2022,24.7%
total employment,RO,1.11,2022,"93,200"
percent women,RO,1.11,2022,41.3%
total employment,SE,1.11,2022,"22,300"
percent women,SE,1.11,2022,38%
total employment,SI,1.11,2022,"5,700"
percent women,SI,1.11,2022,45.1%
total employment,SK,1.11,2022,"12,500"
total employment,EU,1.14,2022,"2,549,800"
percent women,EU,1.14,2022,38.3%
percent unemployed,EU,1.14,2022,1.9%
relative income,EU,1.14,2020,65.7%
total employment,AT,1.14,2022,"38,200"
percent women,AT,1.14,2022,42.9%
total employment,BE,1.14,2022,"55,900"
percent women,BE,1.14,2022,43%
total employment,BG,1.14,2022,"51,000"
percent women,BG,1.14,2022,38.8%
total employment,CY,1.14,2022,"2,800"
total employment,CZ,1.14,2022,"32,400"
percent women,CZ,1.14,2022,27.4%
total employment,DE,1.14,2022,"231,200"
percent women,DE,1.14,2022,42.6%
total employment,DK,1.14,2022,"15,100"
percent women,DK,1.14,2022,20.8%
total employment,EE,1.14,2022,"13,900"
percent women,EE,1.14,2022,45.3%
total employment,EL,1.14,2022,"43,900"
percent women,EL,1.14,2022,30.7%
total employment,ES,1.14,2022,"313,300"
percent women,ES,1.14,2022,33%
total employment,FI,1.14,2022,"6,400"
total employment,FR,1.14,2022,"512,000"
percent women,FR,1.14,2022,38.6%
total employment,HR,1.14,2022,"20,400"
percent women,HR,1.14,2022,16.3%
total employment,HU,1.14,2022,"49,700"
percent women,HU,1.14,2022,39.1%
total employment,IE,1.14,2022,"95,100"
percent women,IE,1.14,2022,42.5%
total employment,IT,1.14,2022,"428,900"
percent women,IT,1.14,2022,32.7%
total employment,LT,1.14,2022,"10,200"
percent women,LT,1.14,2022,57%
total employment,LU,1.14,2022,"2,000"
percent women,LU,1.14,2022,27.4%
total employment,LV,1.14,2022,"5,500"
total employment,NL,1.14,2022,"99,600"
percent women,NL,1.14,2022,27.4%
total employment,PL,1.14,2022,"299,100"
percent women,PL,1.14,2022,51.3%
total employment,PT,1.14,2022,"100,300"
percent women,PT,1.14,2022,41.6%
total employment,RO,1.14,2022,"40,800"
percent women,RO,1.14,2022,35.6%
total employment,SE,1.14,2022,"33,800"
percent women,SE,1.14,2022,36.9%
total employment,SI,1.14,2022,"5,300"
percent women,SI,1.14,2022,46%
total employment,SK,1.14,2022,"42,900"
percent women,SK,1.14,2022,44%
total employment,EU,1.13,2022,"3,388,300"
percent women,EU,1.13,2022,29.8%
percent unemployed,EU,1.13,2022,1%
relative income,EU,1.13,2020,102.7%
total employment,AT,1.13,2022,"74,700"
percent women,AT,1.13,2022,30.7%
total employment,BE,1.13,2022,"78,200"
percent women,BE,1.13,2022,28.5%
total employment,BG,1.13,2022,"45,500"
percent women,BG,1.13,2022,34.8%
total employment,CY,1.13,2022,"7,600"
percent women,CY,1.13,2022,31.1%
total employment,CZ,1.13,2022,"90,600"
percent women,CZ,1.13,2022,28.4%
total employment,DE,1.13,2022,"501,100"
percent women,DE,1.13,2022,28.3%
total employment,DK,1.13,2022,"27,300"
percent women,DK,1.13,2022,33.4%
total employment,EE,1.13,2022,"30,500"
percent women,EE,1.13,2022,33.1%
total employment,EL,1.13,2022,"42,800"
percent women,EL,1.13,2022,31.6%
total employment,ES,1.13,2022,"262,000"
percent women,ES,1.13,2022,32.6%
total employment,FI,1.13,2022,"13,200"
percent women,FI,1.13,2022,32%
total employment,FR,1.13,2022,"666,000"
percent women,FR,1.13,2022,30.5%
total employment,HR,1.13,2022,"32,200"
percent women,HR,1.13,2022,17.7%
total employment,HU,1.13,2022,"108,900"
percent women,HU,1.13,2022,31.7%
total employment,IE,1.13,2022,"94,100"
percent women,IE,1.13,2022,36.7%
total employment,IT,1.13,2022,"314,700"
percent women,IT,1.13,2022,21%
total employment,LT,1.13,2022,"32,400"
percent women,LT,1.13,2022,28.4%
total employment,LU,1.13,2022,"2,200"
percent women,LU,1.13,2022,35.1%
total employment,LV,1.13,2022,"22,500"
percent women,LV,1.13,2022,38.5%
total employment,NL,1.13,2022,"218,700"
percent women,NL,1.13,2022,26%
total employment,PL,1.13,2022,"310,100"
percent women,PL,1.13,2022,30.6%
total employment,PT,1.13,2022,"110,100"
percent women,PT,1.13,2022,34.1%
total employment,RO,1.13,2022,"63,500"
percent women,RO,1.13,2022,16.6%
total employment,SE,1.13,2022,"157,900"
percent women,SE,1.13,2022,42%
total employment,SI,1.13,2022,"17,000"
percent women,SI,1.13,2022,22.9%
total employment,SK,1.13,2022,"64,500"
percent women,SK,1.13,2022,36.5%
total employment,EU,8,2022,"15,391,100"
percent women,EU,8,2022,18.2%
percent unemployed,EU,8,2022,3.1%
relative income,EU,8,2020,100%
total employment,AT,8,2022,"231,900"
percent women,AT,8,2022,14.3%
total employment,BE,8,2022,"327,000"
percent women,BE,8,2022,14%
total employment,BG,8,2022,"431,300"
percent women,BG,8,2022,23.8%
total employment,CY,8,2022,"18,100"
percent women,CY,8,2022,12%
total employment,CZ,8,2022,"685,600"
percent women,CZ,8,2022,26.1%
total employment,DE,8,2022,"2,589,400"
percent women,DE,8,2022,15.4%
total employment,DK,8,2022,"150,900"
percent women,DK,8,2022,13.3%
total employment,EE,8,2022,"73,500"
percent women,EE,8,2022,21.4%
total employment,EL,8,2022,"282,400"
percent women,EL,8,2022,9.4%
total employment,ES,8,2022,"1,584,100"
percent women,ES,8,2022,14%
total employment,FI,8,2022,"191,400"
percent women,FI,8,2022,15.4%
total employment,FR,8,2022,"1,817,500"
percent women,FR,8,2022,19.6%
total employment,HR,8,2022,"174,800"
percent women,HR,8,2022,24.5%
total employment,HU,8,2022,"638,800"
percent women,HU,8,2022,30.3%
total employment,IE,8,2022,"143,300"
percent women,IE,8,2022,14.7%
total employment,IT,8,2022,"1,616,400"
percent women,IT,8,2022,18.1%
total employment,LT,8,2022,"138,700"
percent women,LT,8,2022,15.7%
total employment,LU,8,2022,"10,900"
percent women,LU,8,2022,6.7%
total employment,LV,8,2022,"84,400"
percent women,LV,8,2022,7.9%
total employment,MT,8,2022,"14,700"
percent women,MT,8,2022,21.8%
total employment,NL,8,2022,"374,900"
percent women,NL,8,2022,12.2%
total employment,PL,8,2022,"1,636,300"
percent women,PL,8,2022,15.5%
total employment,PT,8,2022,"428,400"
percent women,PT,8,2022,33.1%
total employment,RO,8,2022,"1,047,600"
percent women,RO,8,2022,19.4%
total employment,SE,8,2022,"283,900"
percent women,SE,8,2022,14.2%
total employment,SI,8,2022,"77,400"
percent women,SI,8,2022,19.3%
total employment,SK,8,2022,"337,500"
percent women,SK,8,2022,25.3%
total employment,EU,8.82,2022,"1,835,000"
percent women,EU,8.82,2022,38.2%
percent unemployed,EU,8.82,2022,3.2%
relative income,EU,8.82,2020,94.8%
total employment,AT,8.82,2022,"20,300"
percent women,AT,8.82,2022,30.6%
total employment,BE,8.82,2022,"34,100"
percent women,BE,8.82,2022,20.7%
total employment,BG,8.82,2022,"46,000"
percent women,BG,8.82,2022,37%
total employment,CZ,8.82,2022,"146,700"
percent women,CZ,8.82,2022,48.7%
total employment,DE,8.82,2022,"349,700"
percent women,DE,8.82,2022,31.2%
total employment,DK,8.82,2022,"15,300"
percent women,DK,8.82,2022,21.4%
total employment,EE,8.82,2022,"8,200"
percent women,EE,8.82,2022,60.3%
total employment,ES,8.82,2022,"141,500"
percent women,ES,8.82,2022,27.9%
total employment,FI,8.82,2022,"13,000"
percent women,FI,8.82,2022,40.5%
total employment,FR,8.82,2022,"141,500"
percent women,FR,8.82,2022,32.6%
total employment,HR,8.82,2022,"12,800"
percent women,HR,8.82,2022,37.3%
total employment,HU,8.82,2022,"171,700"
percent women,HU,8.82,2022,55.7%
total employment,IE,8.82,2022,"31,000"
percent women,IE,8.82,2022,35.3%
total employment,IT,8.82,2022,"196,900"
percent women,IT,8.82,2022,36.5%
total employment,LT,8.82,2022,"11,600"
percent women,LT,8.82,2022,58.5%
total employment,LV,8.82,2022,"5,800"
total employment,NL,8.82,2022,"21,600"
percent women,NL,8.82,2022,27.2%
total employment,PL,8.82,2022,"147,500"
percent women,PL,8.82,2022,38.1%
total employment,PT,8.82,2022,"25,500"
percent women,PT,8.82,2022,61%
total employment,RO,8.82,2022,"144,800"
percent women,RO,8.82,2022,45%
total employment,SE,8.82,2022,"37,900"
percent women,SE,8.82,2022,26.9%
total employment,SI,8.82,2022,"13,800"
percent women,SI,8.82,2022,49.1%
total employment,SK,8.82,2022,"94,000"
percent women,SK,8.82,2022,41.3%
total employment,EU,8.83,2022,"8,491,800"
percent women,EU,8.83,2022,4.6%
percent unemployed,EU,8.83,2022,3%
relative income,EU,8.83,2020,101.5%
total employment,AT,8.83,2022,"147,800"
percent women,AT,8.83,2022,6.9%
total employment,BE,8.83,2022,"175,500"
percent women,BE,8.83,2022,6.5%
total employment,BG,8.83,2022,"245,100"
percent women,BG,8.83,2022,2.6%
total employment,CY,8.83,2022,"14,200"
total employment,CZ,8.83,2022,"345,900"
percent women,CZ,8.83,2022,8.2%
total employment,DE,8.83,2022,"1,254,800"
percent women,DE,8.83,2022,7.2%
total employment,DK,8.83,2022,"87,900"
percent women,DK,8.83,2022,6.4%
total employment,EE,8.83,2022,"43,300"
percent women,EE,8.83,2022,3.1%
total employment,EL,8.83,2022,"214,200"
percent women,EL,8.83,2022,2.2%
total employment,ES,8.83,2022,"1,010,600"
percent women,ES,8.83,2022,4%
total employment,FI,8.83,2022,"119,400"
percent women,FI,8.83,2022,5.7%
total employment,FR,8.83,2022,"1,047,300"
percent women,FR,8.83,2022,6.7%
total employment,HR,8.83,2022,"97,800"
percent women,HR,8.83,2022,1.1%
total employment,HU,8.83,2022,"262,600"
percent women,HU,8.83,2022,2.9%
total employment,IE,8.83,2022,"81,400"
total employment,IT,8.83,2022,"741,400"
percent women,IT,8.83,2022,2.1%
total employment,LT,8.83,2022,"93,200"
percent women,LT,8.83,2022,3%
total employment,LU,8.83,2022,"8,900"
percent women,LU,8.83,2022,5.7%
total employment,LV,8.83,2022,"64,100"
total employment,NL,8.83,2022,"272,400"
percent women,NL,8.83,2022,8.4%
total employment,PL,8.83,2022,"974,600"
percent women,PL,8.83,2022,2.5%
total employment,PT,8.83,2022,"219,000"
percent women,PT,8.83,2022,3.7%
total employment,RO,8.83,2022,"616,900"
total employment,SE,8.83,2022,"182,400"
percent women,SE,8.83,2022,9.4%
total employment,SI,8.83,2022,"35,300"
total employment,SK,8.83,2022,"135,900"
total employment,EU,8.81,2022,"5,045,500"
percent women,EU,8.81,2022,33.7%
percent unemployed,EU,8.81,2022,3.4%
relative income,EU,8.81,2020,99.1%
total employment,AT,8.81,2022,"63,800"
percent women,AT,8.81,2022,26.5%
total employment,BE,8.81,2022,"117,400"
percent women,BE,8.81,2022,23.3%
total employment,BG,8.81,2022,"140,200"
percent women,BG,8.81,2022,56.6%
total employment,CY,8.81,2022,"3,800"
percent women,CY,8.81,2022,46.7%
total employment,CZ,8.81,2022,"193,000"
percent women,CZ,8.81,2022,41%
total employment,DE,8.81,2022,"984,900"
percent women,DE,8.81,2022,20.3%
total employment,DK,8.81,2022,"47,700"
percent women,DK,8.81,2022,23.4%
total employment,EE,8.81,2022,"22,000"
percent women,EE,8.81,2022,43%
total employment,EL,8.81,2022,"64,500"
percent women,EL,8.81,2022,32%
total employment,ES,8.81,2022,"431,900"
percent women,ES,8.81,2022,32.9%
total employment,FI,8.81,2022,"59,000"
percent women,FI,8.81,2022,29.5%
total employment,FR,8.81,2022,"627,900"
percent women,FR,8.81,2022,38%
total employment,HR,8.81,2022,"64,200"
percent women,HR,8.81,2022,57.6%
total employment,HU,8.81,2022,"204,500"
percent women,HU,8.81,2022,44%
total employment,IE,8.81,2022,"30,900"
percent women,IE,8.81,2022,25.9%
total employment,IT,8.81,2022,"678,100"
percent women,IT,8.81,2022,30.2%
total employment,LT,8.81,2022,"33,900"
percent women,LT,8.81,2022,35.8%
total employment,LU,8.81,2022,"1,900"
total employment,LV,8.81,2022,"14,500"
total employment,NL,8.81,2022,"80,200"
percent women,NL,8.81,2022,20.8%
total employment,PL,8.81,2022,"513,800"
percent women,PL,8.81,2022,33.7%
total employment,PT,8.81,2022,"184,000"
percent women,PT,8.81,2022,64.1%
total employment,RO,8.81,2022,"285,900"
percent women,RO,8.81,2022,46%
total employment,SE,8.81,2022,"63,600"
percent women,SE,8.81,2022,20.6%
total employment,SI,8.81,2022,"28,200"
percent women,SI,8.81,2022,25.8%
total employment,SK,8.81,2022,"105,600"
percent women,SK,8.81,2022,39.4%
total employment,EU,2,2022,"43,904,700"
percent women,EU,2,2022,53.9%
percent unemployed,EU,2,2022,1.5%
relative income,EU,2,2020,100%
total employment,AT,2,2022,"934,200"
percent women,AT,2,2022,53.6%
total employment,BE,2,2022,"1,231,900"
percent women,BE,2,2022,55.3%
total employment,BG,2,2022,"559,900"
percent women,BG,2,2022,65%
total employment,CY,2,2022,"95,200"
percent women,CY,2,2022,56.3%
total employment,CZ,2,2022,"958,000"
percent women,CZ,2,2022,53.2%
total employment,DE,2,2022,"9,555,900"
percent women,DE,2,2022,49.4%
total employment,DK,2,2022,"835,300"
percent women,DK,2,2022,55.6%
total employment,EE,2,2022,"166,400"
percent women,EE,2,2022,65.3%
total employment,EL,2,2022,"925,000"
percent women,EL,2,2022,55.9%
total employment,ES,2,2022,"3,863,900"
percent women,ES,2,2022,58.1%
total employment,FI,2,2022,"690,000"
percent women,FI,2,2022,48.5%
total employment,FR,2,2022,"6,631,400"
percent women,FR,2,2022,50.9%
total employment,HR,2,2022,"300,800"
percent women,HR,2,2022,62.1%
total employment,HU,2,2022,"886,600"
percent women,HU,2,2022,52.2%
total employment,IE,2,2022,"657,000"
percent women,IE,2,2022,52.7%
total employment,IT,2,2022,"3,476,100"
percent women,IT,2,2022,54.4%
total employment,LT,2,2022,"390,000"
percent women,LT,2,2022,67%
total employment,LU,2,2022,"136,200"
percent women,LU,2,2022,48.1%
total employment,LV,2,2022,"184,700"
percent women,LV,2,2022,63%
total employment,MT,2,2022,"57,900"
percent women,MT,2,2022,52%
total employment,NL,2,2022,"2,958,000"
percent women,NL,2,2022,47.8%
total employment,PL,2,2022,"3,528,900"
percent women,PL,2,2022,62.2%
total employment,PT,2,2022,"1,060,500"
percent women,PT,2,2022,58%
total employment,RO,2,2022,"1,420,600"
percent women,RO,2,2022,58.8%
total employment,SE,2,2022,"1,723,400"
percent women,SE,2,2022,55.8%
total employment,SI,2,2022,"265,400"
percent women,SI,2,2022,58.3%
total employment,SK,2,2022,"411,500"
percent women,SK,2,2022,60.6%
total employment,EU,2.22,2022,"5,993,400"
percent women,EU,2.22,2022,70.4%
percent unemployed,EU,2.22,2022,0.7%
relative income,EU,2.22,2020,96.9%
total employment,AT,2.22,2022,"187,300"
percent women,AT,2.22,2022,73.1%
total employment,BE,2.22,2022,"203,600"
percent women,BE,2.22,2022,70.1%
total employment,BG,2.22,2022,"88,900"
percent women,BG,2.22,2022,78.3%
total employment,CY,2.22,2022,"14,000"
percent women,CY,2.22,2022,60.6%
total employment,CZ,2.22,2022,"136,700"
percent women,CZ,2.22,2022,76.7%
total employment,DE,2.22,2022,"1,044,700"
percent women,DE,2.22,2022,63.2%
total employment,DK,2.22,2022,"145,300"
percent women,DK,2.22,2022,81.9%
total employment,EE,2.22,2022,"17,500"
percent women,EE,2.22,2022,89.4%
total employment,EL,2.22,2022,"190,000"
percent women,EL,2.22,2022,60.6%
total employment,ES,2.22,2022,"731,000"
percent women,ES,2.22,2022,74.1%
total employment,FI,2.22,2022,"42,900"
percent women,FI,2.22,2022,67.4%
total employment,FR,2.22,2022,"814,100"
percent women,FR,2.22,2022,66%
total employment,HR,2.22,2022,"33,300"
percent women,HR,2.22,2022,76%
total employment,HU,2.22,2022,"69,100"
percent women,HU,2.22,2022,69.4%
total employment,IE,2.22,2022,"116,500"
percent women,IE,2.22,2022,78.4%
total employment,IT,2.22,2022,"354,500"
percent women,IT,2.22,2022,48.4%
total employment,LT,2.22,2022,"54,800"
percent women,LT,2.22,2022,86.6%
total employment,LU,2.22,2022,"8,200"
percent women,LU,2.22,2022,66.2%
total employment,LV,2.22,2022,"23,600"
percent women,LV,2.22,2022,86%
total employment,NL,2.22,2022,"367,400"
percent women,NL,2.22,2022,72.2%
total employment,PL,2.22,2022,"569,200"
percent women,PL,2.22,2022,82%
total employment,PT,2.22,2022,"187,800"
percent women,PT,2.22,2022,75%
total employment,RO,2.22,2022,"231,300"
percent women,RO,2.22,2022,82%
total employment,SE,2.22,2022,"274,400"
percent women,SE,2.22,2022,74.8%
total employment,SI,2.22,2022,"35,300"
percent women,SI,2.22,2022,76.3%
total employment,SK,2.22,2022,"52,000"
percent women,SK,2.22,2022,68.1%
total employment,EU,2.25,2022,"4,606,500"
percent women,EU,2.25,2022,18.4%
percent unemployed,EU,2.25,2022,1.2%
relative income,EU,2.25,2020,117.6%
total employment,AT,2.25,2022,"119,600"
percent women,AT,2.25,2022,16.3%
total employment,BE,2.25,2022,"156,700"
percent women,BE,2.25,2022,16%
total employment,BG,2.25,2022,"64,500"
percent women,BG,2.25,2022,31.1%
total employment,CY,2.25,2022,"10,100"
percent women,CY,2.25,2022,27.8%
total employment,CZ,2.25,2022,"114,000"
percent women,CZ,2.25,2022,15.3%
total employment,DE,2.25,2022,"994,800"
percent women,DE,2.25,2022,17.6%
total employment,DK,2.25,2022,"93,800"
percent women,DK,2.25,2022,18.7%
total employment,EE,2.25,2022,"28,300"
percent women,EE,2.25,2022,25.8%
total employment,EL,2.25,2022,"41,500"
percent women,EL,2.25,2022,20.1%
total employment,ES,2.25,2022,"224,300"
percent women,ES,2.25,2022,18.2%
total employment,FI,2.25,2022,"105,400"
percent women,FI,2.25,2022,27.6%
total employment,FR,2.25,2022,"769,400"
percent women,FR,2.25,2022,17.8%
total employment,HR,2.25,2022,"25,700"
percent women,HR,2.25,2022,15.2%
total employment,HU,2.25,2022,"109,300"
percent women,HU,2.25,2022,12.2%
total employment,IE,2.25,2022,"89,300"
percent women,IE,2.25,2022,20.7%
total employment,IT,2.25,2022,"219,600"
percent women,IT,2.25,2022,18.1%
total employment,LT,2.25,2022,"37,600"
percent women,LT,2.25,2022,23.8%
total employment,LU,2.25,2022,"15,100"
percent women,LU,2.25,2022,20.1%
total employment,LV,2.25,2022,"28,300"
total employment,NL,2.25,2022,"446,900"
percent women,NL,2.25,2022,16.2%
total employment,PL,2.25,2022,"329,300"
percent women,PL,2.25,2022,16.4%
total employment,PT,2.25,2022,"115,600"
percent women,PT,2.25,2022,19.3%
total employment,RO,2.25,2022,"108,400"
percent women,RO,2.25,2022,27.6%
total employment,SE,2.25,2022,"284,300"
percent women,SE,2.25,2022,23.8%
total employment,SI,2.25,2022,"24,300"
percent women,SI,2.25,2022,18%
total employment,SK,2.25,2022,"50,400"
percent women,SK,2.25,2022,14.3%
total employment,EU,2.26,2022,"6,097,700"
percent women,EU,2.26,2022,60.9%
percent unemployed,EU,2.26,2022,1.9%
relative income,EU,2.26,2020,88.5%
total employment,AT,2.26,2022,"135,400"
percent women,AT,2.26,2022,59.5%
total employment,BE,2.26,2022,"188,600"
percent women,BE,2.26,2022,66.8%
total employment,BG,2.26,2022,"85,500"
percent women,BG,2.26,2022,62.7%
total employment,CY,2.26,2022,"14,600"
percent women,CY,2.26,2022,60.6%
total employment,CZ,2.26,2022,"120,200"
percent women,CZ,2.26,2022,54.3%
total employment,DE,2.26,2022,"1,436,700"
percent women,DE,2.26,2022,59.1%
total employment,DK,2.26,2022,"89,600"
percent women,DK,2.26,2022,62.5%
total employment,EE,2.26,2022,"20,700"
percent women,EE,2.26,2022,65.7%
total employment,EL,2.26,2022,"114,200"
percent women,EL,2.26,2022,52.2%
total employment,ES,2.26,2022,"612,600"
percent women,ES,2.26,2022,58.8%
total employment,FI,2.26,2022,"92,600"
percent women,FI,2.26,2022,63.2%
total employment,FR,2.26,2022,"862,200"
percent women,FR,2.26,2022,66.8%
total employment,HR,2.26,2022,"65,300"
percent women,HR,2.26,2022,66.7%
total employment,HU,2.26,2022,"144,700"
percent women,HU,2.26,2022,58.3%
total employment,IE,2.26,2022,"55,300"
percent women,IE,2.26,2022,53.8%
total employment,IT,2.26,2022,"533,500"
percent women,IT,2.26,2022,53.3%
total employment,LT,2.26,2022,"45,700"
percent women,LT,2.26,2022,69.1%
total employment,LU,2.26,2022,"25,100"
percent women,LU,2.26,2022,57.2%
total employment,LV,2.26,2022,"18,100"
percent women,LV,2.26,2022,77.1%
total employment,NL,2.26,2022,"402,700"
percent women,NL,2.26,2022,62.4%
total employment,PL,2.26,2022,"371,300"
percent women,PL,2.26,2022,61.7%
total employment,PT,2.26,2022,"157,900"
percent women,PT,2.26,2022,64.9%
total employment,RO,2.26,2022,"169,100"
percent women,RO,2.26,2022,59.8%
total employment,SE,2.26,2022,"231,700"
percent women,SE,2.26,2022,63.5%
total employment,SI,2.26,2022,"37,100"
percent women,SI,2.26,2022,67.5%
total employment,SK,2.26,2022,"67,500"
percent women,SK,2.26,2022,70%
total employment,EU,2.24,2022,"8,883,600"
percent women,EU,2.24,2022,52.7%
percent unemployed,EU,2.24,2022,1.7%
relative income,EU,2.24,2020,113.3%
total employment,AT,2.24,2022,"136,500"
percent women,AT,2.24,2022,53.1%
total employment,BE,2.24,2022,"207,900"
percent women,BE,2.24,2022,45.8%
total employment,BG,2.24,2022,"131,400"
percent women,BG,2.24,2022,75.6%
total employment,CY,2.24,2022,"15,800"
percent women,CY,2.24,2022,55.8%
total employment,CZ,2.24,2022,"181,700"
percent women,CZ,2.24,2022,52.3%
total employment,DE,2.24,2022,"1,701,100"
percent women,DE,2.24,2022,45.5%
total employment,DK,2.24,2022,"200,100"
percent women,DK,2.24,2022,48.8%
total employment,EE,2.24,2022,"40,800"
percent women,EE,2.24,2022,77%
total employment,EL,2.24,2022,"146,200"
percent women,EL,2.24,2022,51.4%
total employment,ES,2.24,2022,"491,800"
percent women,ES,2.24,2022,55.5%
total employment,FI,2.24,2022,"149,800"
percent women,FI,2.24,2022,54.1%
total employment,FR,2.24,2022,"1,612,400"
percent women,FR,2.24,2022,49.1%
total employment,HR,2.24,2022,"35,100"
percent women,HR,2.24,2022,66.3%
total employment,HU,2.24,2022,"146,500"
percent women,HU,2.24,2022,58.4%
total employment,IE,2.24,2022,"172,600"
percent women,IE,2.24,2022,53.7%
total employment,IT,2.24,2022,"517,500"
percent women,IT,2.24,2022,44.4%
total employment,LT,2.24,2022,"139,100"
percent women,LT,2.24,2022,72%
total employment,LU,2.24,2022,"55,000"
percent women,LU,2.24,2022,46.4%
total employment,LV,2.24,2022,"42,600"
percent women,LV,2.24,2022,66.5%
total employment,NL,2.24,2022,"861,500"
percent women,NL,2.24,2022,46.5%
total employment,PL,2.24,2022,"913,400"
percent women,PL,2.24,2022,66.1%
total employment,PT,2.24,2022,"180,800"
percent women,PT,2.24,2022,57.3%
total employment,RO,2.24,2022,"333,000"
percent women,RO,2.24,2022,67.5%
total employment,SE,2.24,2022,"373,400"
percent women,SE,2.24,2022,55.6%
total employment,SI,2.24,2022,"43,500"
percent women,SI,2.24,2022,59.6%
total employment,SK,2.24,2022,"54,200"
percent women,SK,2.24,2022,65.9%
total employment,EU,2.21,2022,"7,251,600"
percent women,EU,2.21,2022,30.5%
percent unemployed,EU,2.21,2022,1.6%
relative income,EU,2.21,2020,112.9%
total employment,AT,2.21,2022,"137,700"
percent women,AT,2.21,2022,28.9%
total employment,BE,2.21,2022,"152,600"
percent women,BE,2.21,2022,36.1%
total employment,BG,2.21,2022,"73,000"
percent women,BG,2.21,2022,36.3%
total employment,CY,2.21,2022,"18,300"
percent women,CY,2.21,2022,39.7%
total employment,CZ,2.21,2022,"162,500"
percent women,CZ,2.21,2022,24.8%
total employment,DE,2.21,2022,"1,846,700"
percent women,DE,2.21,2022,25.8%
total employment,DK,2.21,2022,"95,600"
percent women,DK,2.21,2022,41.2%
total employment,EE,2.21,2022,"23,000"
percent women,EE,2.21,2022,41.2%
total employment,EL,2.21,2022,"137,400"
percent women,EL,2.21,2022,33.3%
total employment,ES,2.21,2022,"603,300"
percent women,ES,2.21,2022,32.5%
total employment,FI,2.21,2022,"173,000"
percent women,FI,2.21,2022,24.3%
total employment,FR,2.21,2022,"1,173,200"
percent women,FR,2.21,2022,35.4%
total employment,HR,2.21,2022,"54,500"
percent women,HR,2.21,2022,36.3%
total employment,HU,2.21,2022,"176,400"
percent women,HU,2.21,2022,27.5%
total employment,IE,2.21,2022,"106,900"
percent women,IE,2.21,2022,27.6%
total employment,IT,2.21,2022,"568,000"
percent women,IT,2.21,2022,32.6%
total employment,LT,2.21,2022,"45,700"
percent women,LT,2.21,2022,32.1%
total employment,LU,2.21,2022,"13,700"
percent women,LU,2.21,2022,31.9%
total employment,LV,2.21,2022,"23,800"
percent women,LV,2.21,2022,30%
total employment,NL,2.21,2022,"364,500"
percent women,NL,2.21,2022,26.1%
total employment,PL,2.21,2022,"514,300"
percent women,PL,2.21,2022,33.5%
total employment,PT,2.21,2022,"170,700"
percent women,PT,2.21,2022,37.1%
total employment,RO,2.21,2022,"296,700"
percent women,RO,2.21,2022,22.9%
total employment,SE,2.21,2022,"219,100"
percent women,SE,2.21,2022,38%
total employment,SI,2.21,2022,"54,900"
percent women,SI,2.21,2022,31.6%
total employment,SK,2.21,2022,"46,200"
percent women,SK,2.21,2022,28.2%
total employment,EU,2.23,2022,"10,902,800"
percent women,EU,2.23,2022,72.4%
percent unemployed,EU,2.23,2022,1.6%
relative income,EU,2.23,2020,87.9%
total employment,AT,2.23,2022,"217,600"
percent women,AT,2.23,2022,69.4%
total employment,BE,2.23,2022,"322,500"
percent women,BE,2.23,2022,73.7%
total employment,BG,2.23,2022,"116,600"
percent women,BG,2.23,2022,81.6%
total employment,CY,2.23,2022,"22,400"
percent women,CY,2.23,2022,77.5%
total employment,CZ,2.23,2022,"242,900"
percent women,CZ,2.23,2022,77%
total employment,DE,2.23,2022,"2,531,900"
percent women,DE,2.23,2022,70.6%
total employment,DK,2.23,2022,"210,900"
percent women,DK,2.23,2022,64.1%
total employment,EE,2.23,2022,"36,100"
percent women,EE,2.23,2022,86.4%
total employment,EL,2.23,2022,"295,700"
percent women,EL,2.23,2022,72.1%
total employment,ES,2.23,2022,"1,201,100"
percent women,ES,2.23,2022,69.5%
total employment,FI,2.23,2022,"126,300"
percent women,FI,2.23,2022,75%
total employment,FR,2.23,2022,"1,311,600"
percent women,FR,2.23,2022,66.1%
total employment,HR,2.23,2022,"86,800"
percent women,HR,2.23,2022,81.8%
total employment,HU,2.23,2022,"240,600"
percent women,HU,2.23,2022,76.1%
total employment,IE,2.23,2022,"116,400"
percent women,IE,2.23,2022,72.8%
total employment,IT,2.23,2022,"1,283,100"
percent women,IT,2.23,2022,76.4%
total employment,LT,2.23,2022,"67,200"
percent women,LT,2.23,2022,87.3%
total employment,LU,2.23,2022,"19,200"
percent women,LU,2.23,2022,66.6%
total employment,LV,2.23,2022,"48,300"
percent women,LV,2.23,2022,86.4%
total employment,NL,2.23,2022,"492,900"
percent women,NL,2.23,2022,65.3%
total employment,PL,2.23,2022,"830,700"
percent women,PL,2.23,2022,80.3%
total employment,PT,2.23,2022,"247,700"
percent women,PT,2.23,2022,73.4%
total employment,RO,2.23,2022,"282,200"
percent women,RO,2.23,2022,78.6%
total employment,SE,2.23,2022,"340,600"
percent women,SE,2.23,2022,73.7%
total employment,SI,2.23,2022,"70,400"
percent women,SI,2.23,2022,78.5%
total employment,SK,2.23,2022,"141,200"
percent women,SK,2.23,2022,78.5%
total employment,EU,5,2022,"32,378,300"
percent women,EU,5,2022,63.4%
percent unemployed,EU,5,2022,4%
relative income,EU,5,2020,100%
total employment,AT,5,2022,"765,400"
percent women,AT,5,2022,65.4%
total employment,BE,5,2022,"673,700"
percent women,BE,5,2022,65.5%
total employment,BG,5,2022,"622,200"
percent women,BG,5,2022,63.3%
total employment,CY,5,2022,"83,200"
percent women,CY,5,2022,56.6%
total employment,CZ,5,2022,"801,800"
percent women,CZ,5,2022,67.1%
total employment,DE,5,2022,"5,754,000"
percent women,DE,5,2022,62.8%
total employment,DK,5,2022,"542,300"
percent women,DK,5,2022,63.9%
total employment,EE,5,2022,"86,400"
percent women,EE,5,2022,76.3%
total employment,EL,5,2022,"854,800"
percent women,EL,5,2022,49.6%
total employment,ES,5,2022,"4,204,800"
percent women,ES,5,2022,59.8%
total employment,FI,5,2022,"516,700"
percent women,FI,5,2022,68.1%
total employment,FR,5,2022,"4,104,800"
percent women,FR,5,2022,67.2%
total employment,HR,5,2022,"329,200"
percent women,HR,5,2022,63.3%
total employment,HU,5,2022,"680,000"
percent women,HU,5,2022,62.4%
total employment,IE,5,2022,"453,200"
percent women,IE,5,2022,66.1%
total employment,IT,5,2022,"3,974,900"
percent women,IT,5,2022,59.7%
total employment,LT,5,2022,"170,800"
percent women,LT,5,2022,75.8%
total employment,LU,5,2022,"29,400"
percent women,LU,5,2022,57.6%
total employment,LV,5,2022,"129,100"
percent women,LV,5,2022,76%
total employment,MT,5,2022,"54,700"
percent women,MT,5,2022,59.6%
total employment,NL,5,2022,"1,666,100"
percent women,NL,5,2022,67%
total employment,PL,5,2022,"2,174,000"
percent women,PL,5,2022,66.4%
total employment,PT,5,2022,"920,400"
percent women,PT,5,2022,64.8%
total employment,RO,5,2022,"1,357,300"
percent women,RO,5,2022,65.9%
total employment,SE,5,2022,"866,900"
percent women,SE,5,2022,63%
total employment,SI,5,2022,"126,600"
percent women,SI,5,2022,60.2%
total employment,SK,5,2022,"435,400"
percent women,SK,5,2022,63.4%
total employment,EU,5.53,2022,"6,517,500"
percent women,EU,5.53,2022,87.6%
percent unemployed,EU,5.53,2022,4.4%
relative income,EU,5.53,2020,98.2%
total employment,AT,5.53,2022,"146,600"
percent women,AT,5.53,2022,87.7%
total employment,BE,5.53,2022,"165,000"
percent women,BE,5.53,2022,92.5%
total employment,BG,5.53,2022,"65,500"
percent women,BG,5.53,2022,92.3%
total employment,CY,5.53,2022,"5,900"
percent women,CY,5.53,2022,92%
total employment,CZ,5.53,2022,"148,800"
percent women,CZ,5.53,2022,84.7%
total employment,DE,5.53,2022,"768,100"
percent women,DE,5.53,2022,84%
total employment,DK,5.53,2022,"223,700"
percent women,DK,5.53,2022,80.9%
total employment,EE,5.53,2022,"17,600"
percent women,EE,5.53,2022,97.2%
total employment,EL,5.53,2022,"28,400"
percent women,EL,5.53,2022,93.1%
total employment,ES,5.53,2022,"821,700"
percent women,ES,5.53,2022,88.5%
total employment,FI,5.53,2022,"204,100"
percent women,FI,5.53,2022,87.5%
total employment,FR,5.53,2022,"1,376,400"
percent women,FR,5.53,2022,91.7%
total employment,HR,5.53,2022,"34,300"
percent women,HR,5.53,2022,92.3%
total employment,HU,5.53,2022,"73,600"
percent women,HU,5.53,2022,91.2%
total employment,IE,5.53,2022,"138,400"
percent women,IE,5.53,2022,85%
total employment,IT,5.53,2022,"765,800"
percent women,IT,5.53,2022,85.5%
total employment,LT,5.53,2022,"19,600"
percent women,LT,5.53,2022,94.2%
total employment,LU,5.53,2022,"7,200"
percent women,LU,5.53,2022,85.8%
total employment,LV,5.53,2022,"22,400"
percent women,LV,5.53,2022,92%
total employment,NL,5.53,2022,"439,600"
percent women,NL,5.53,2022,89.9%
total employment,PL,5.53,2022,"201,200"
percent women,PL,5.53,2022,90.3%
total employment,PT,5.53,2022,"214,200"
percent women,PT,5.53,2022,94.5%
total employment,RO,5.53,2022,"128,000"
percent women,RO,5.53,2022,90.7%
total employment,SE,5.53,2022,"420,000"
percent women,SE,5.53,2022,75.8%
total employment,SI,5.53,2022,"15,900"
percent women,SI,5.53,2022,78.2%
total employment,SK,5.53,2022,"65,700"
percent women,SK,5.53,2022,87.3%
total employment,EU,5.51,2022,"8,737,200"
percent women,EU,5.51,2022,58.8%
percent unemployed,EU,5.51,2022,5.3%
relative income,EU,5.51,2020,93%
total employment,AT,5.51,2022,"256,300"
percent women,AT,5.51,2022,54.4%
total employment,BE,5.51,2022,"170,200"
percent women,BE,5.51,2022,59.9%
total employment,BG,5.51,2022,"131,400"
percent women,BG,5.51,2022,72.6%
total employment,CY,5.51,2022,"30,900"
percent women,CY,5.51,2022,50.2%
total employment,CZ,5.51,2022,"262,300"
percent women,CZ,5.51,2022,66.6%
total employment,DE,5.51,2022,"1,940,300"
percent women,DE,5.51,2022,56.2%
total employment,DK,5.51,2022,"105,000"
percent women,DK,5.51,2022,45.2%
total employment,EE,5.51,2022,"25,800"
percent women,EE,5.51,2022,78.8%
total employment,EL,5.51,2022,"256,200"
percent women,EL,5.51,2022,51.3%
total employment,ES,5.51,2022,"957,600"
percent women,ES,5.51,2022,55.1%
total employment,FI,5.51,2022,"130,400"
percent women,FI,5.51,2022,54.4%
total employment,FR,5.51,2022,"974,100"
percent women,FR,5.51,2022,60.8%
total employment,HR,5.51,2022,"113,300"
percent women,HR,5.51,2022,58.8%
total employment,HU,5.51,2022,"188,900"
percent women,HU,5.51,2022,61.5%
total employment,IE,5.51,2022,"116,800"
percent women,IE,5.51,2022,61.7%
total employment,IT,5.51,2022,"1,236,000"
percent women,IT,5.51,2022,57.9%
total employment,LT,5.51,2022,"58,000"
percent women,LT,5.51,2022,82.1%
total employment,LU,5.51,2022,"11,100"
percent women,LU,5.51,2022,48.7%
total employment,LV,5.51,2022,"37,500"
percent women,LV,5.51,2022,73.3%
total employment,NL,5.51,2022,"451,100"
percent women,NL,5.51,2022,60.6%
total employment,PL,5.51,2022,"480,400"
percent women,PL,5.51,2022,68.1%
total employment,PT,5.51,2022,"204,700"
percent women,PT,5.51,2022,67.4%
total employment,RO,5.51,2022,"253,800"
percent women,RO,5.51,2022,64.5%
total employment,SE,5.51,2022,"174,000"
percent women,SE,5.51,2022,48.4%
total employment,SI,5.51,2022,"43,700"
percent women,SI,5.51,2022,56.9%
total employment,SK,5.51,2022,"127,500"
percent women,SK,5.51,2022,51.4%
total employment,EU,5.54,2022,"3,280,300"
percent women,EU,5.54,2022,16.6%
percent unemployed,EU,5.54,2022,1.8%
relative income,EU,5.54,2020,140.1%
total employment,AT,5.54,2022,"45,600"
percent women,AT,5.54,2022,16.3%
total employment,BE,5.54,2022,"56,100"
percent women,BE,5.54,2022,17.5%
total employment,BG,5.54,2022,"116,500"
percent women,BG,5.54,2022,5.7%
total employment,CY,5.54,2022,"11,000"
percent women,CY,5.54,2022,22.9%
total employment,CZ,5.54,2022,"97,700"
percent women,CZ,5.54,2022,16.1%
total employment,DE,5.54,2022,"520,800"
percent women,DE,5.54,2022,23.6%
total employment,DK,5.54,2022,"20,500"
percent women,DK,5.54,2022,29.9%
total employment,EE,5.54,2022,"9,900"
percent women,EE,5.54,2022,20.6%
total employment,EL,5.54,2022,"105,000"
percent women,EL,5.54,2022,11.5%
total employment,ES,5.54,2022,"459,600"
percent women,ES,5.54,2022,13.8%
total employment,FI,5.54,2022,"27,700"
percent women,FI,5.54,2022,20.9%
total employment,FR,5.54,2022,"459,600"
percent women,FR,5.54,2022,17.4%
total employment,HR,5.54,2022,"43,700"
percent women,HR,5.54,2022,14.3%
total employment,HU,5.54,2022,"102,900"
percent women,HU,5.54,2022,17.6%
total employment,IE,5.54,2022,"31,600"
percent women,IE,5.54,2022,23.9%
total employment,IT,5.54,2022,"305,600"
percent women,IT,5.54,2022,14%
total employment,LT,5.54,2022,"20,000"
percent women,LT,5.54,2022,11.7%
total employment,LU,5.54,2022,"4,600"
percent women,LU,5.54,2022,17.1%
total employment,LV,5.54,2022,"13,700"
total employment,NL,5.54,2022,"100,600"
percent women,NL,5.54,2022,26%
total employment,PL,5.54,2022,"269,700"
percent women,PL,5.54,2022,14.9%
total employment,PT,5.54,2022,"114,400"
percent women,PT,5.54,2022,13.3%
total employment,RO,5.54,2022,"227,300"
percent women,RO,5.54,2022,9%
total employment,SE,5.54,2022,"47,900"
percent women,SE,5.54,2022,34.7%
total employment,SI,5.54,2022,"14,300"
total employment,SK,5.54,2022,"54,100"
percent women,SK,5.54,2022,13.1%
total employment,EU,5.52,2022,"13,787,700"
percent women,EU,5.52,2022,66%
percent unemployed,EU,5.52,2022,3.5%
relative income,EU,5.52,2020,92.8%
total employment,AT,5.52,2022,"316,900"
percent women,AT,5.52,2022,71.2%
total employment,BE,5.52,2022,"282,400"
percent women,BE,5.52,2022,62.6%
total employment,BG,5.52,2022,"308,800"
percent women,BG,5.52,2022,74.9%
total employment,CY,5.52,2022,"35,400"
percent women,CY,5.52,2022,66.8%
total employment,CZ,5.52,2022,"293,000"
percent women,CZ,5.52,2022,75.7%
total employment,DE,5.52,2022,"2,524,900"
percent women,DE,5.52,2022,69.4%
total employment,DK,5.52,2022,"193,200"
percent women,DK,5.52,2022,57.9%
total employment,EE,5.52,2022,"33,100"
percent women,EE,5.52,2022,79.9%
total employment,EL,5.52,2022,"465,300"
percent women,EL,5.52,2022,54.5%
total employment,ES,5.52,2022,"1,965,800"
percent women,ES,5.52,2022,60.8%
total employment,FI,5.52,2022,"154,500"
percent women,FI,5.52,2022,62.5%
total employment,FR,5.52,2022,"1,294,800"
percent women,FR,5.52,2022,63.8%
total employment,HR,5.52,2022,"138,000"
percent women,HR,5.52,2022,75.3%
total employment,HU,5.52,2022,"314,600"
percent women,HU,5.52,2022,70.9%
total employment,IE,5.52,2022,"166,300"
percent women,IE,5.52,2022,61.4%
total employment,IT,5.52,2022,"1,667,400"
percent women,IT,5.52,2022,57.5%
total employment,LT,5.52,2022,"73,200"
percent women,LT,5.52,2022,83.3%
total employment,LU,5.52,2022,"6,600"
percent women,LU,5.52,2022,69.9%
total employment,LV,5.52,2022,"55,600"
percent women,LV,5.52,2022,83.8%
total employment,NL,5.52,2022,"674,900"
percent women,NL,5.52,2022,62.3%
total employment,PL,5.52,2022,"1,222,100"
percent women,PL,5.52,2022,73.1%
total employment,PT,5.52,2022,"387,200"
percent women,PT,5.52,2022,62.1%
total employment,RO,5.52,2022,"748,200"
percent women,RO,5.52,2022,79.5%
total employment,SE,5.52,2022,"225,000"
percent women,SE,5.52,2022,56.7%
total employment,SI,5.52,2022,"52,800"
percent women,SI,5.52,2022,70.2%
total employment,SK,5.52,2022,"188,000"
percent women,SK,5.52,2022,77.6%
total employment,EU,7,2022,"23,402,900"
percent women,EU,7,2022,10.7%
percent unemployed,EU,7,2022,2.8%
relative income,EU,7,2020,100%
total employment,AT,7,2022,"545,600"
percent women,AT,7,2022,9.4%
total employment,BE,7,2022,"494,200"
percent women,BE,7,2022,6%
total employment,BG,7,2022,"383,700"
percent women,BG,7,2022,24%
total employment,CY,7,2022,"48,300"
percent women,CY,7,2022,4.1%
total employment,CZ,7,2022,"816,400"
percent women,CZ,7,2022,10.6%
total employment,DE,7,2022,"4,694,700"
percent women,DE,7,2022,11%
total employment,DK,7,2022,"218,600"
percent women,DK,7,2022,7.5%
total employment,EE,7,2022,"90,300"
percent women,EE,7,2022,12.2%
total employment,EL,7,2022,"381,500"
percent women,EL,7,2022,6.9%
total employment,ES,7,2022,"2,184,900"
percent women,ES,7,2022,7%
total employment,FI,7,2022,"254,000"
percent women,FI,7,2022,8.2%
total employment,FR,7,2022,"2,782,000"
percent women,FR,7,2022,9.4%
total employment,HR,7,2022,"216,200"
percent women,HR,7,2022,7.4%
total employment,HU,7,2022,"624,700"
percent women,HU,7,2022,11.1%
total employment,IE,7,2022,"219,100"
percent women,IE,7,2022,6.9%
total employment,IT,7,2022,"3,058,300"
percent women,IT,7,2022,9.9%
total employment,LT,7,2022,"189,600"
percent women,LT,7,2022,22.7%
total employment,LU,7,2022,"16,100"
percent women,LU,7,2022,5%
total employment,LV,7,2022,"98,100"
percent women,LV,7,2022,17.5%
total employment,MT,7,2022,"28,400"
percent women,MT,7,2022,3.7%
total employment,NL,7,2022,"657,500"
percent women,NL,7,2022,8.2%
total employment,PL,7,2022,"2,448,000"
percent women,PL,7,2022,10.8%
total employment,PT,7,2022,"622,100"
percent women,PT,7,2022,14.7%
total employment,RO,7,2022,"1,383,400"
percent women,RO,7,2022,19.2%
total employment,SE,7,2022,"447,600"
percent women,SE,7,2022,6.9%
total employment,SI,7,2022,"114,900"
percent women,SI,7,2022,9.4%
total employment,SK,7,2022,"384,700"
percent women,SK,7,2022,13.1%
total employment,EU,7.71,2022,"7,862,900"
percent women,EU,7.71,2022,2%
percent unemployed,EU,7.71,2022,3.6%
relative income,EU,7.71,2020,97.6%
total employment,AT,7.71,2022,"193,400"
percent women,AT,7.71,2022,3.6%
total employment,BE,7.71,2022,"236,700"
percent women,BE,7.71,2022,2.3%
total employment,BG,7.71,2022,"132,700"
total employment,CY,7.71,2022,"22,600"
total employment,CZ,7.71,2022,"251,200"
percent women,CZ,7.71,2022,0.8%
total employment,DE,7.71,2022,"1,095,000"
percent women,DE,7.71,2022,2.8%
total employment,DK,7.71,2022,"96,900"
percent women,DK,7.71,2022,6.5%
total employment,EE,7.71,2022,"29,200"
percent women,EE,7.71,2022,3.1%
total employment,EL,7.71,2022,"118,900"
percent women,EL,7.71,2022,3.3%
total employment,ES,7.71,2022,"909,100"
percent women,ES,7.71,2022,1.2%
total employment,FI,7.71,2022,"101,500"
percent women,FI,7.71,2022,3.9%
total employment,FR,7.71,2022,"1,062,900"
percent women,FR,7.71,2022,2.8%
total employment,HR,7.71,2022,"58,100"
total employment,HU,7.71,2022,"193,600"
total employment,IE,7.71,2022,"74,700"
total employment,IT,7.71,2022,"999,000"
percent women,IT,7.71,2022,0.7%
total employment,LT,7.71,2022,"64,200"
percent women,LT,7.71,2022,3.8%
total employment,LU,7.71,2022,"6,100"
total employment,LV,7.71,2022,"28,800"
total employment,NL,7.71,2022,"258,200"
percent women,NL,7.71,2022,3.2%
total employment,PL,7.71,2022,"946,400"
percent women,PL,7.71,2022,2.1%
total employment,PT,7.71,2022,"210,800"
total employment,RO,7.71,2022,"433,500"
total employment,SE,7.71,2022,"192,600"
percent women,SE,7.71,2022,3.4%
total employment,SI,7.71,2022,"29,400"
total employment,SK,7.71,2022,"117,400"
total employment,EU,7.74,2022,"3,113,500"
percent women,EU,7.74,2022,4.5%
percent unemployed,EU,7.74,2022,2%
relative income,EU,7.74,2020,115%
total employment,AT,7.74,2022,"80,800"
total employment,BE,7.74,2022,"72,300"
total employment,BG,7.74,2022,"31,800"
total employment,CY,7.74,2022,"9,300"
total employment,CZ,7.74,2022,"101,200"
percent women,CZ,7.74,2022,3%
total employment,DE,7.74,2022,"754,000"
percent women,DE,7.74,2022,9.1%
total employment,DK,7.74,2022,"26,900"
total employment,EE,7.74,2022,"10,100"
total employment,EL,7.74,2022,"68,600"
total employment,ES,7.74,2022,"331,000"
percent women,ES,7.74,2022,2.8%
total employment,FI,7.74,2022,"39,300"
percent women,FI,7.74,2022,5.2%
total employment,FR,7.74,2022,"307,000"
total employment,HR,7.74,2022,"41,700"
total employment,HU,7.74,2022,"84,400"
total employment,IE,7.74,2022,"38,800"
total employment,IT,7.74,2022,"357,300"
percent women,IT,7.74,2022,1%
total employment,LT,7.74,2022,"16,600"
percent women,LT,7.74,2022,8.2%
total employment,LU,7.74,2022,"3,000"
total employment,LV,7.74,2022,"11,500"
total employment,NL,7.74,2022,"89,700"
total employment,PL,7.74,2022,"253,300"
percent women,PL,7.74,2022,5.5%
total employment,PT,7.74,2022,"79,200"
total employment,RO,7.74,2022,"156,100"
percent women,RO,7.74,2022,9.3%
total employment,SE,7.74,2022,"82,800"
total employment,SI,7.74,2022,"12,800"
total employment,SK,7.74,2022,"53,900"
total employment,EU,7.73,2022,"946,000"
percent women,EU,7.73,2022,36.2%
relative income,EU,7.73,2020,116%
total employment,AT,7.73,2022,"14,800"
total employment,BE,7.73,2022,"9,400"
total employment,BG,7.73,2022,"11,300"
total employment,CY,7.73,2022,"1,400"
total employment,CZ,7.73,2022,"26,100"
percent women,CZ,7.73,2022,37.2%
total employment,DE,7.73,2022,"225,600"
percent women,DE,7.73,2022,37.6%
total employment,DK,7.73,2022,"8,300"
percent women,DK,7.73,2022,43.5%
total employment,EE,7.73,2022,"2,800"
percent women,EE,7.73,2022,48.1%
total employment,EL,7.73,2022,"11,900"
total employment,ES,7.73,2022,"69,100"
percent women,ES,7.73,2022,19.1%
total employment,FI,7.73,2022,"7,500"
percent women,FI,7.73,2022,27.9%
total employment,FR,7.73,2022,"116,800"
percent women,FR,7.73,2022,42%
total employment,HR,7.73,2022,"8,600"
percent women,HR,7.73,2022,17.4%
total employment,HU,7.73,2022,"23,100"
percent women,HU,7.73,2022,53.9%
total employment,IE,7.73,2022,"8,700"
total employment,IT,7.73,2022,"206,500"
percent women,IT,7.73,2022,29%
total employment,LT,7.73,2022,"6,400"
percent women,LT,7.73,2022,76%
total employment,LU,7.73,2022,600
total employment,NL,7.73,2022,"26,500"
percent women,NL,7.73,2022,42%
total employment,PL,7.73,2022,"74,800"
percent women,PL,7.73,2022,42.2%
total employment,PT,7.73,2022,"31,200"
percent women,PT,7.73,2022,58.9%
total employment,RO,7.73,2022,"25,500"
percent women,RO,7.73,2022,50.7%
total employment,SE,7.73,2022,"13,100"
percent women,SE,7.73,2022,29.1%
total employment,SI,7.73,2022,"6,300"
total employment,SK,7.73,2022,"7,100"
total employment,EU,7.72,2022,"7,537,300"
percent women,EU,7.72,2022,4.2%
percent unemployed,EU,7.72,2022,2.1%
relative income,EU,7.72,2020,108.4%
total employment,AT,7.72,2022,"176,800"
percent women,AT,7.72,2022,5.5%
total employment,BE,7.72,2022,"115,900"
percent women,BE,7.72,2022,3.5%
total employment,BG,7.72,2022,"107,800"
percent women,BG,7.72,2022,10.7%
total employment,CY,7.72,2022,"9,200"
total employment,CZ,7.72,2022,"304,600"
percent women,CZ,7.72,2022,3.1%
total employment,DE,7.72,2022,"1,949,400"
percent women,DE,7.72,2022,5.6%
total employment,DK,7.72,2022,"69,300"
total employment,EE,7.72,2022,"33,100"
percent women,EE,7.72,2022,3.6%
total employment,EL,7.72,2022,"104,800"
total employment,ES,7.72,2022,"598,700"
percent women,ES,7.72,2022,1.3%
total employment,FI,7.72,2022,"81,500"
percent women,FI,7.72,2022,3.1%
total employment,FR,7.72,2022,"814,500"
percent women,FR,7.72,2022,4.3%
total employment,HR,7.72,2022,"77,200"
percent women,HR,7.72,2022,3.7%
total employment,HU,7.72,2022,"221,100"
percent women,HU,7.72,2022,2.9%
total employment,IE,7.72,2022,"58,300"
total employment,IT,7.72,2022,"904,200"
percent women,IT,7.72,2022,3.3%
total employment,LT,7.72,2022,"52,200"
percent women,LT,7.72,2022,3.2%
total employment,LU,7.72,2022,"5,100"
total employment,LV,7.72,2022,"33,300"
total employment,NL,7.72,2022,"165,400"
percent women,NL,7.72,2022,2.1%
total employment,PL,7.72,2022,"729,300"
percent women,PL,7.72,2022,4.5%
total employment,PT,7.72,2022,"166,000"
percent women,PT,7.72,2022,3.5%
total employment,RO,7.72,2022,"462,000"
percent women,RO,7.72,2022,4.7%
total employment,SE,7.72,2022,"129,900"
percent women,SE,7.72,2022,4.3%
total employment,SI,7.72,2022,"44,100"
percent women,SI,7.72,2022,4.7%
total employment,SK,7.72,2022,"123,500"
total employment,EU,7.75,2022,"3,868,200"
percent women,EU,7.75,2022,39.8%
percent unemployed,EU,7.75,2022,3.4%
relative income,EU,7.75,2020,80.1%
total employment,AT,7.75,2022,"79,800"
percent women,AT,7.75,2022,34.2%
total employment,BE,7.75,2022,"59,900"
percent women,BE,7.75,2022,28.1%
total employment,BG,7.75,2022,"100,100"
percent women,BG,7.75,2022,73.3%
total employment,CY,7.75,2022,"5,800"
percent women,CY,7.75,2022,30.4%
total employment,CZ,7.75,2022,"133,300"
percent women,CZ,7.75,2022,46.9%
total employment,DE,7.75,2022,"670,800"
percent women,DE,7.75,2022,33.3%
total employment,DK,7.75,2022,"17,200"
percent women,DK,7.75,2022,23.1%
total employment,EE,7.75,2022,"15,100"
percent women,EE,7.75,2022,48.8%
total employment,EL,7.75,2022,"77,300"
percent women,EL,7.75,2022,20.1%
total employment,ES,7.75,2022,"276,900"
percent women,ES,7.75,2022,40.5%
total employment,FI,7.75,2022,"24,300"
percent women,FI,7.75,2022,41.7%
total employment,FR,7.75,2022,"471,200"
percent women,FR,7.75,2022,30.1%
total employment,HR,7.75,2022,"30,700"
percent women,HR,7.75,2022,34.3%
total employment,HU,7.75,2022,"102,500"
percent women,HU,7.75,2022,46.1%
total employment,IE,7.75,2022,"38,600"
percent women,IE,7.75,2022,23.5%
total employment,IT,7.75,2022,"591,200"
percent women,IT,7.75,2022,34.4%
total employment,LT,7.75,2022,"50,200"
percent women,LT,7.75,2022,65.2%
total employment,LU,7.75,2022,"1,300"
total employment,LV,7.75,2022,"21,700"
percent women,LV,7.75,2022,61.8%
total employment,NL,7.75,2022,"82,100"
percent women,NL,7.75,2022,31.1%
total employment,PL,7.75,2022,"443,000"
percent women,PL,7.75,2022,37.2%
total employment,PT,7.75,2022,"134,800"
percent women,PT,7.75,2022,48.3%
total employment,RO,7.75,2022,"306,200"
percent women,RO,7.75,2022,68.8%
total employment,SE,7.75,2022,"29,300"
percent women,SE,7.75,2022,42.6%
total employment,SI,7.75,2022,"22,200"
percent women,SI,7.75,2022,30.1%
total employment,SK,7.75,2022,"82,700"
percent women,SK,7.75,2022,50.3%
